respondent_id,year,age,province,income,savings_pct,benefit_retirement,benefit_education,benefit_health,benefit_wages,benefit_timeoff,benefit_worklife,paycheque_delay_difficulty,debt_overwhelmed,emergency_fund_likelihood,financial_wellness_cluster
2017-0001,2017,31,Alberta,"78,300",21.6,No,No,No,no,Yes,No,Manageable,No,Somewhat difficult,Comfortable
2017-0002,2017,51,Newfoundland and Labrador,149500,21.8,No,yes,No,No,No,No,Somewhat difficult,NA,Neither,Coping
2017-0003,2017,40,Manitoba,"$97,700",8.2,No,No,Yes,No,No,no,Somewhat manageable,no,Somewhat difficult,Comfortable
2017-0004,2017,37,ontario ,"$102,300",13.7,no,No,No,Yes,N,No,Somewhat difficult,No,Very manageable,Coping
2017-0005,2017,39,British Columbia,"118,600",7.8,No,No,yes,No,No,No,Somewhat manageable,No,Somewhat difficult,Stressed
2017-0006,2017,43,AB,"54,400",16.9,No,No,Y,No,No,No,Somewhat difficult,N,Manageable,Comfortable
2017-0007,2017,47,Ontario,118100,30.0,No,No,No,Yes,No,No,Difficult,N,Neither,Comfortable
2017-0008,2017,28,Manitoba,58K,21.5,N,No,No,Yes,No,No,Somewhat manageable,No,Somewhat manageable,Comfortable
2017-0009,2017,28,Ontario,30000,6.0,NA,NA,NA,NA,NA,NA,Neither,No,Very manageable,Stressed
2017-0010,2017,53,Alberta,"$40,700",14.2,Yes,no,No,No,No,N,Somewhat manageable,N,Neither,Coping
2017-0011,2017,35,Alberta,47K,2.0,No,No,No,Y,No,No,Somewhat manageable,Yes,Very difficult,Coping
2017-0012,2017,23,British Columbia,"$75,400",16.7,No,Yes,N,N,no,No,Manageable,no,Neither,Comfortable
2017-0013,2017,45,Nova Scotia,NA,19.9,No,No,Yes,N,No,No,Difficult,Yes,Very manageable,Coping
2017-0014,2017,46,Manitoba,100K,17.6,No,No,no,No,No,Yes,Very manageable,N,Very manageable,Comfortable
2017-0016,2017,43,Manitoba,"$51,400",NA,N,No,N,No,Y,No,Very difficult,No,Neither,Stressed
2017-0017,2017,49,Ontario,"97,700",22.0,No,N,No,Yes,No,No,Somewhat manageable,No,Difficult,Coping
2017-0018,2017,44,ON,"100,100",10.6,Yes,No,No,No,No,No,Very difficult,Yes,Neither,Stressed
2017-0019,2017,48,Alberta,75K,18.8,No,No,No,No,no,Yes,Neither,No,Somewhat difficult,Comfortable
2017-0020,2017,23,Ontario,"$60,300",12.6,no,No,N,yes,no,No,Manageable,No,Manageable,Coping
2017-0021,2017,44,british columbia,43000,16.4,No,No,No,No,No,Y,Manageable,No,Very manageable,Comfortable
2017-0022,2017,36,New Brunswick,121300,8.0,No,No,No,Yes,No,No,Somewhat difficult,N,Somewhat difficult,Coping
2017-0023,2017,34,Alberta,55600,14.7,no,no,No,N,No,Yes,Manageable,No,Somewhat manageable,Comfortable
2017-0024,2017,50,Ontario,161K,17.7,Yes,No,No,No,No,no,Very manageable,N,Somewhat difficult,Comfortable
2017-0025,2017,58,Saskatchewan,"111,000",NA,No,No,yes,No,No,No,Somewhat difficult,No,Somewhat manageable,Comfortable
2017-0026,2017,62,Alberta,"$148,800",0.2,No,no,No,no,Yes,no,Difficult,No,Very difficult,Stressed
2017-0027,2017,56,Ontario,"107,400",15.3,No,Y,No,no,No,No,Somewhat manageable,No,NA,Coping
2017-0028,2017,39,Ontario,"82,600",9.2,no,No,Y,No,No,No,Somewhat difficult,no,Very manageable,Stressed
2017-0029,2017,44,British Columbia,73500,16.5,NA,NA,NA,NA,NA,NA,Manageable,No,Very difficult,Stressed
2017-0030,2017,49,Ontario,"102,100",10.0,No,No,N,No,Yes,No,NA,No,Manageable,Coping
2017-0031,2017,41,Ontario,96000,15.8,No,No,No,No,No,Yes,Difficult,N,Difficult,Coping
2017-0032,2017,42,Quebec,64K,24.2,No,No,N,No,yes,N,Manageable,No,Somewhat manageable,Comfortable
2017-0033,2017,50,Saskatchewan,96200,12.5,No,No,No,No,No,Yes,Somewhat manageable,Yes,Neither,Coping
2017-0034,2017,39,Alberta,65200,18.5,No,no,No,No,No,Yes,Somewhat difficult,Yes,Very manageable,Coping
2017-0035,2017,31,Nova Scotia,140500,18.7,No,No,N,N,Yes,No,Somewhat manageable,N,Somewhat difficult,Coping
2017-0036,2017,35,Ontario,"$74,800",9.6,No,No,Yes,No,No,no,Difficult,Yes,Difficult,Stressed
2017-0037,2017,48,Alberta,143K,6.7,Yes,No,N,No,N,No,Neither,No,Neither,Stressed
2017-0038,2017,40,BC,"$79,100",11.9,no,N,No,No,Yes,No,Manageable,Yes,Somewhat manageable,Coping
2017-0039,2017,44,Yukon,98800,1.2,no,no,No,No,No,Yes,Somewhat difficult,Yes,Neither,Stressed
2017-0040,2017,48,Alberta,57400,9.2,No,no,N,Yes,No,No,Very manageable,Yes,Very difficult,Coping
2017-0041,2017,36,Nova Scotia,"$65,600",10.3,no,Yes,no,no,No,No,Very manageable,No,Somewhat difficult,Coping
2017-0042,2017,49,Ontario,"104,800",14.1,N,No,Yes,no,No,No,Neither,No,Very manageable,Comfortable
2017-0043,2017,45,British Columbia,"$140,100",16.6,N,No,No,Yes,No,No,Neither,No,Somewhat manageable,Coping
2017-0044,2017,25,Ontario,"69,200",21.2,No,No,No,No,No,Yes,Somewhat manageable,Yes,Somewhat manageable,Coping
2017-0045,2017,57,Saskatchewan,"152,000",15.6,Yes,No,N,No,N,No,Neither,No,Neither,Comfortable
2017-0046,2017,34,Ontario,95200,24.0,No,No,No,No,Yes,No,Manageable,N,Neither,Comfortable
2017-0047,2017,20,Alberta,"$103,800",NA,No,No,No,No,No,Yes,Neither,No,Very manageable,Coping
2017-0048,2017,27,Alberta,63700,6.5,no,No,No,No,No,Yes,Manageable,No,Neither,Stressed
2017-0049,2017,28,Saskatchewan,"$138,700",9.9,Y,No,no,N,No,No,Neither,No,Difficult,Coping
2017-0050,2017,41,BC,"71,900",11.0,No,No,No,No,No,yes,Neither,No,Manageable,Stressed
2017-0051,2017,37,ON,"57,500",4.6,no,No,No,No,Yes,No,Somewhat difficult,No,Neither,Stressed
2017-0052,2017,36,Alberta,42700,13.1,No,No,No,No,No,Y,Difficult,No,Somewhat difficult,Stressed
2017-0053,2017,47,New Brunswick,"165,400",20.3,Y,no,No,No,No,No,Very manageable,No,Somewhat manageable,Comfortable
2017-0054,2017,44,quebec,"115,600",10.1,N,No,No,Yes,No,no,Very difficult,N,Somewhat manageable,Coping
2017-0055,2017,44,Ontario,"$81,000",6.5,No,no,No,No,Yes,no,Difficult,No,Neither,Coping
2017-0056,2017,45,Saskatchewan,130000,23.8,No,No,Yes,No,No,No,Manageable,Yes,Manageable,Comfortable
2017-0057,2017,47,BC,116K,19.4,No,No,No,yes,No,No,Somewhat manageable,No,Somewhat manageable,Coping
2017-0058,2017,18,Ontario,"$111,000",15.6,No,No,N,N,Yes,No,Neither,No,Somewhat difficult,Coping
2017-0059,2017,36,ON,32600,19.2,No,No,N,No,Yes,N,Very difficult,Yes,Manageable,Stressed
2017-0060,2017,18,Nova Scotia,"$44,000",15.1,Yes,No,No,No,No,No,Difficult,no,Somewhat difficult,Stressed
2017-0061,2017,40,British Columbia,"71,100",12.2,No,N,No,yes,No,N,Somewhat difficult,No,Neither,Coping
2017-0062,2017,40,ON,30000,12.1,N,Yes,No,No,no,No,Very difficult,No,Somewhat manageable,Coping
2017-0063,2017,53,Manitoba,"$136,300",16.8,no,No,No,No,No,yes,Somewhat manageable,No,Somewhat manageable,Coping
2017-0064,2017,54,Ontario,98K,16.1,NA,NA,NA,NA,NA,NA,Neither,No,Somewhat manageable,Comfortable
2017-0065,2017,42,Saskatchewan,"$110,200",21.0,No,no,Y,no,No,No,Neither,No,Somewhat manageable,Coping
2017-0066,2017,34,Alberta,"146,800",16.2,No,yes,No,N,No,No,Somewhat manageable,No,Manageable,Coping
2017-0067,2017,46,British Columbia,83400,15.5,No,Yes,N,No,No,No,Somewhat manageable,Yes,Manageable,Coping
2017-0068,2017,34,Alberta,NA,18.1,no,No,N,Yes,No,N,Neither,No,Manageable,Coping
2017-0069,2017,40,Manitoba,89K,16.6,No,N,No,No,no,Yes,Difficult,No,Difficult,Stressed
2017-0070,2017,52,British Columbia,132600,15.0,N,No,Yes,No,no,No,Somewhat difficult,No,Neither,Coping
2017-0071,2017,33,Ontario,"57,500",7.4,Yes,No,No,No,N,No,Manageable,Yes,Neither,Stressed
2017-0072,2017,50,Alberta,81100,NA,Yes,N,N,No,No,No,Somewhat difficult,Yes,Very difficult,Coping
2017-0073,2017,48,Ontario,"$128,700",28.8,No,Yes,No,no,No,N,Somewhat manageable,No,Manageable,Comfortable
2017-0074,2017,29,British Columbia,79900,6.4,No,No,No,No,No,Yes,Somewhat difficult,Yes,Somewhat difficult,Stressed
2017-0075,2017,52,British Columbia,42K,8.0,No,No,No,Yes,No,N,Difficult,No,Difficult,Stressed
2017-0076,2017,48,British Columbia,"$60,200",9.0,No,No,No,N,Yes,No,Difficult,No,Difficult,Stressed
2017-0077,2017,41,ON,"$131,500",9.8,No,No,Yes,No,No,no,Very difficult,No,Difficult,Stressed
2017-0078,2017,31,Ontario,83600,5.9,no,No,No,No,no,Yes,Somewhat manageable,Yes,Neither,Coping
2017-0079,2017,30,Manitoba,"$47,100",4.7,No,No,Y,No,No,No,Somewhat manageable,No,Somewhat manageable,Coping
2017-0080,2017,34,Ontario,"$70,900",15.8,No,No,No,No,No,Y,Very manageable,No,Manageable,Comfortable
2017-0081,2017,47,Ontario,"$95,900",8.2,No,N,No,No,No,Yes,Manageable,N,Somewhat difficult,Coping
2017-0082,2017,29,British Columbia,"$90,600",10.1,No,No,No,Yes,No,No,Neither,No,Somewhat difficult,Coping
2017-0083,2017,45,Quebec,51800,26.4,no,No,N,No,No,Y,Very manageable,No,Very manageable,Comfortable
2017-0084,2017,25,British Columbia,"$37,300",7.2,no,No,Yes,No,N,No,Neither,N,Very difficult,Stressed
2017-0085,2017,38,Alberta,90K,9.0,No,No,No,No,N,Yes,Neither,No,Somewhat difficult,Stressed
2017-0086,2017,41,Ontario,83500,1.9,Yes,No,No,no,no,N,Neither,No,Somewhat difficult,Stressed
2017-0087,2017,65,alberta,"$139,700",11.2,N,N,Yes,N,no,No,Neither,No,Somewhat manageable,Coping
2017-0088,2017,23,British Columbia,30000,17.5,no,Yes,No,No,N,No,Neither,No,Manageable,Coping
2017-0089,2017,58,Ontario,122700,11.0,Yes,No,No,no,No,No,Somewhat difficult,No,Neither,Stressed
2017-0090,2017,42,Alberta,120700,9.7,NA,NA,NA,NA,NA,NA,Difficult,No,Very manageable,Coping
2017-0091,2017,45,Ontario,"$107,100",8.8,No,No,Yes,N,No,N,Somewhat difficult,No,Somewhat manageable,Stressed
2017-0092,2017,41,Saskatchewan,90700,NA,no,No,No,N,Y,No,Difficult,No,Somewhat difficult,Coping
2017-0093,2017,45,ON,90K,13.9,No,No,No,Yes,No,no,Very difficult,Y,Somewhat difficult,Coping
2017-0094,2017,38,Ontario,"$57,000",9.8,No,No,yes,no,No,N,Very manageable,Yes,Neither,Coping
2017-0095,2017,57,Ontario,"$108,300",13.0,NA,NA,NA,NA,NA,NA,Somewhat manageable,no,Neither,Coping
2017-0096,2017,35,Yukon,"$115,300",14.6,No,No,No,No,No,Yes,NA,N,NA,Coping
2017-0097,2017,54,British Columbia,"$102,400",13.1,Yes,No,No,No,No,No,Neither,No,Somewhat difficult,Coping
2017-0098,2017,32,Alberta,46300,7.8,N,no,No,Y,N,No,Somewhat difficult,No,Difficult,Stressed
2017-0099,2017,39,Ontario,"$68,700",0.8,No,No,no,N,No,Yes,Somewhat manageable,No,Somewhat difficult,Stressed
2017-0100,2017,27,Ontario,72K,15.3,NA,NA,NA,NA,NA,NA,Very manageable,no,Manageable,Comfortable
2017-0101,2017,45,Alberta,81300,21.0,No,No,Yes,N,No,N,Manageable,N,Manageable,Comfortable
2017-0102,2017,57,Ontario,125K,13.0,No,No,No,No,Yes,N,Neither,Yes,Very manageable,Coping
2017-0103,2017,39,Alberta,99200,5.2,No,Y,N,No,No,no,Difficult,No,Difficult,Stressed
2017-0104,2017,38,Quebec,"108,700",20.8,No,No,Yes,No,No,N,Very manageable,Y,Somewhat manageable,Comfortable
2017-0105,2017,27,British Columbia,108200,22.4,No,No,N,No,No,Yes,Very manageable,No,Very manageable,Comfortable
2017-0106,2017,37,AB,110400,19.3,No,No,no,N,Y,N,Neither,No,Somewhat manageable,Coping
2017-0107,2017,21,Alberta,"30,000",NA,no,no,N,No,No,Yes,Neither,No,Somewhat manageable,Coping
2017-0108,2017,29,BC,41K,10.0,Yes,No,No,No,No,No,Somewhat difficult,No,Somewhat difficult,Stressed
2017-0109,2017,43,British Columbia,"$87,200",5.3,N,Yes,N,No,No,N,Somewhat difficult,No,Very difficult,Stressed
2017-0110,2017,56,alberta,"$95,500",26.0,Y,No,No,No,N,No,Very manageable,Yes,Very manageable,Comfortable
2017-0111,2017,65,British Columbia,88400,16.3,NA,NA,NA,NA,NA,NA,Somewhat manageable,Yes,Somewhat manageable,Coping
2017-0112,2017,33,Alberta,61200,12.3,Y,No,No,No,No,No,Somewhat difficult,No,Neither,Stressed
2017-0113,2017,57,Manitoba,96K,18.3,No,no,Yes,no,No,no,Neither,N,Neither,Coping
2017-0114,2017,43,Manitoba,69K,17.5,No,N,No,Yes,N,No,Neither,No,Neither,Coping
2017-0115,2017,38,British Columbia,72K,NA,No,No,No,no,No,Yes,Very difficult,Yes,Difficult,Stressed
2017-0116,2017,45,British Columbia,128K,23.7,No,No,Y,No,N,No,Manageable,no,Manageable,Comfortable
2017-0117,2017,41,Alberta,92K,29.4,NA,NA,NA,NA,NA,NA,Very manageable,No,Somewhat manageable,Comfortable
2017-0118,2017,41,Alberta,"$160,700",10.1,No,No,N,N,No,Yes,Somewhat manageable,no,Very difficult,Coping
2017-0119,2017,35,British Columbia,82600,10.2,NA,NA,NA,NA,NA,NA,Somewhat difficult,Yes,Neither,Coping
2017-0120,2017,23,Ontario,50800,15.1,No,N,No,No,No,Yes,Somewhat manageable,no,Very manageable,Coping
2017-0121,2017,21,Yukon,56600,16.5,Yes,no,No,N,No,No,Somewhat manageable,No,Neither,Coping
2017-0122,2017,48,Quebec,104700,9.1,No,No,no,N,Yes,N,Neither,No,Neither,Coping
2017-0123,2017,37,ontario ,"93,600",7.6,No,No,No,N,No,Yes,Somewhat difficult,Yes,Neither,Stressed
2017-0124,2017,33,Ontario,137K,13.4,No,No,N,No,Y,No,Somewhat manageable,N,Manageable,Coping
2017-0125,2017,40,british columbia,"$59,600",0.0,No,N,No,N,Yes,No,Neither,No,Neither,Stressed
2017-0126,2017,50,ON,"125,800",12.7,No,no,No,Yes,N,No,Somewhat difficult,No,Manageable,Coping
2017-0127,2017,42,Ontario,94200,13.1,No,Yes,N,No,no,No,Somewhat difficult,N,Difficult,Coping
2017-0128,2017,32,Ontario,"30,000",7.2,No,No,No,No,N,Yes,Somewhat difficult,No,Manageable,Stressed
2017-0129,2017,55,Quebec,"$130,600",15.1,No,No,No,N,no,Yes,Very difficult,no,Manageable,Stressed
2017-0130,2017,59,New Brunswick,NA,6.7,NA,NA,NA,NA,NA,NA,Neither,No,Neither,Coping
2017-0132,2017,52,Ontario,102700,3.7,N,Yes,No,No,No,No,Neither,No,Neither,Comfortable
2017-0133,2017,55,British Columbia,55700,11.1,No,No,No,No,Yes,No,Neither,No,Neither,Coping
2017-0134,2017,54,Quebec,"$68,200",11.6,No,No,Yes,No,N,N,Very manageable,No,Somewhat difficult,Coping
2017-0135,2017,47,Alberta,"126,900",10.9,N,No,Y,No,No,No,Somewhat manageable,No,Very difficult,Coping
2017-0137,2017,46,Ontario,60700,28.0,N,Yes,no,No,N,N,Manageable,Yes,Neither,Comfortable
2017-0138,2017,27,AB,"72,400",14.5,No,No,No,Yes,No,No,Somewhat difficult,no,Somewhat manageable,Coping
2017-0139,2017,48,Ontario,81300,19.4,No,Y,N,no,No,No,Neither,N,Neither,Comfortable
2017-0140,2017,24,Alberta,46900,13.1,Yes,No,No,No,No,No,Neither,No,Somewhat difficult,Stressed
2017-0141,2017,30,Ontario,92200,13.9,Yes,no,No,No,N,No,NA,no,Neither,Coping
2017-0142,2017,56,ON,74100,9.1,No,No,No,No,No,yes,Neither,Yes,Neither,Coping
2017-0143,2017,50,Ontario,72800,10.0,NA,NA,NA,NA,NA,NA,Somewhat difficult,No,Manageable,Comfortable
2017-0144,2017,58,Ontario,"$116,600",11.4,Yes,No,No,no,N,no,Manageable,No,Very manageable,Coping
2017-0145,2017,37,AB,110K,18.5,No,No,N,Yes,No,No,Difficult,No,Neither,Coping
2017-0146,2017,26,British Columbia,"101,100",NA,no,no,Yes,No,N,No,Neither,No,Very manageable,Stressed
2017-0147,2017,37,Manitoba,"60,500",14.4,NA,NA,NA,NA,NA,NA,Neither,No,Somewhat manageable,Coping
2017-0148,2017,41,Alberta,114600,9.4,No,No,No,No,N,Yes,Somewhat manageable,No,Somewhat manageable,Coping
2017-0149,2017,41,Nova Scotia,"$63,000",6.9,no,N,Yes,N,No,No,Somewhat difficult,No,Somewhat difficult,Coping
2017-0150,2017,54,British Columbia,160800,10.8,N,No,Yes,N,No,No,Difficult,Yes,Very difficult,Stressed
2017-0151,2017,36,Manitoba,45K,9.6,No,No,Yes,No,No,No,Manageable,No,Very manageable,Comfortable
2017-0152,2017,44,New Brunswick,131K,25.9,Yes,No,No,N,no,N,Very manageable,No,Manageable,Comfortable
2017-0153,2017,28,Quebec,47K,12.1,No,No,Yes,No,No,No,Difficult,Yes,Somewhat difficult,Stressed
2017-0154,2017,45,BC,"152,900",16.6,No,Yes,No,N,No,No,Neither,Y,Manageable,Coping
2017-0155,2017,40,Quebec,"102,700",6.9,Y,N,No,No,No,No,Somewhat difficult,Yes,Somewhat difficult,Stressed
2017-0156,2017,31,New Brunswick,"41,000",17.4,No,No,No,No,Yes,No,Somewhat difficult,Yes,Manageable,Coping
2017-0157,2017,37,British Columbia,"$64,800",8.9,Yes,No,No,No,No,no,NA,No,Somewhat difficult,Stressed
2017-0158,2017,38,Ontario,"$105,400",9.3,Y,No,No,No,No,N,Somewhat difficult,Yes,Very manageable,Coping
2017-0159,2017,37,New Brunswick,"$112,100",25.1,No,No,No,yes,No,No,Somewhat manageable,No,Somewhat difficult,Coping
2017-0160,2017,61,british columbia,"$114,400",19.5,No,N,Yes,No,no,No,Neither,Yes,Somewhat difficult,Comfortable
2017-0161,2017,39,Ontario,84800,11.9,No,Yes,No,N,No,No,Somewhat difficult,yes,Neither,Stressed
2017-0162,2017,37,Alberta,103300,5.1,Yes,No,N,No,No,No,Manageable,no,Somewhat difficult,Comfortable
2017-0163,2017,18,British Columbia,56000,14.4,No,Yes,No,No,No,No,Somewhat difficult,Y,Manageable,Stressed
2017-0164,2017,29,Ontario,30000,15.3,NA,NA,NA,NA,NA,NA,Somewhat difficult,No,Neither,Stressed
2017-0165,2017,37,Manitoba,"$56,100",14.2,No,No,N,No,No,yes,Very manageable,No,Somewhat difficult,Coping
2017-0166,2017,32,Ontario,"$80,100",17.4,No,No,N,No,N,Yes,Neither,yes,Somewhat difficult,Coping
2017-0167,2017,57,British Columbia,147K,25.9,No,no,Yes,No,No,No,Very manageable,No,Very manageable,Comfortable
2017-0168,2017,38,Saskatchewan,130500,17.5,No,No,yes,No,No,No,Somewhat manageable,No,Manageable,Comfortable
2017-0169,2017,55,Ontario,"$130,900",17.3,No,No,No,No,Yes,No,Neither,No,Manageable,Coping
2017-0170,2017,41,Saskatchewan,95100,16.3,No,No,No,No,Y,No,Somewhat difficult,N,Somewhat difficult,Comfortable
2017-0171,2017,40,Ontario,108K,5.0,No,Yes,No,No,No,N,Somewhat difficult,No,Manageable,Stressed
2017-0172,2017,39,Alberta,"$63,500",20.8,Yes,No,No,No,No,No,Somewhat manageable,No,Neither,Coping
2017-0173,2017,40,Ontario,"$80,400",12.9,No,No,N,Yes,No,No,Neither,No,Neither,Stressed
2017-0174,2017,61,Alberta,92K,17.1,No,No,N,Yes,No,No,Manageable,No,Somewhat manageable,Comfortable
2017-0175,2017,18,ON,"$30,000",4.3,No,Yes,No,No,N,N,Somewhat difficult,No,NA,Stressed
2017-0176,2017,18,Ontario,"$62,000",4.8,No,N,Yes,No,No,N,Difficult,Y,Manageable,Stressed
2017-0177,2017,33,British Columbia,80100,18.4,No,No,Yes,No,No,No,Difficult,No,Very manageable,Coping
2017-0178,2017,40,quebec,"105,600",15.0,No,No,Yes,No,No,No,Very manageable,N,Somewhat manageable,Comfortable
2017-0179,2017,48,Alberta,"$113,400",24.5,no,No,No,Yes,N,No,Somewhat manageable,No,Very manageable,Comfortable
2017-0180,2017,46,ontario ,"101,300",18.5,No,N,No,No,No,Yes,Difficult,No,Somewhat difficult,Coping
2017-0181,2017,35,Ontario,94200,21.4,No,No,No,Yes,No,No,Very manageable,No,Somewhat difficult,Comfortable
2017-0182,2017,52,alberta,101700,29.1,Yes,No,No,No,No,No,Very manageable,No,Difficult,Comfortable
2017-0183,2017,52,Ontario,115400,12.2,NA,NA,NA,NA,NA,NA,Somewhat manageable,no,Neither,Coping
2017-0184,2017,42,ontario ,"66,200",12.7,NA,NA,NA,NA,NA,NA,Neither,no,Difficult,Coping
2017-0185,2017,52,AB,114K,15.2,No,No,yes,No,No,N,Very manageable,No,Somewhat manageable,Comfortable
2017-0186,2017,43,Ontario,109600,20.1,Yes,N,No,No,No,No,Somewhat difficult,No,NA,Coping
2017-0187,2017,33,British Columbia,"54,400",9.4,No,No,Yes,No,No,No,Neither,no,Somewhat manageable,Coping
2017-0188,2017,48,Ontario,"$98,600",9.7,No,No,No,no,No,Yes,Somewhat difficult,No,Somewhat manageable,Stressed
2017-0189,2017,41,Alberta,"$67,800",13.6,No,No,N,No,No,Yes,Very manageable,No,Somewhat manageable,Coping
2017-0190,2017,40,Saskatchewan,69K,2.7,NA,NA,NA,NA,NA,NA,Somewhat manageable,Y,Difficult,Stressed
2017-0191,2017,58,Quebec,NA,17.7,NA,NA,NA,NA,NA,NA,Very manageable,No,Manageable,Comfortable
2017-0192,2017,18,Alberta,"$90,000",14.9,No,No,No,Yes,N,No,Difficult,No,Difficult,Stressed
2017-0193,2017,23,British Columbia,91500,9.0,N,No,No,Y,No,No,Somewhat difficult,No,Somewhat manageable,Stressed
2017-0194,2017,26,Ontario,"$80,100",14.9,No,Yes,No,No,N,No,Somewhat manageable,Yes,Manageable,Comfortable
2017-0195,2017,36,Ontario,"138,200",NA,N,No,No,no,no,Y,Somewhat manageable,N,NA,Stressed
2017-0196,2017,37,Northwest Territories and Nunavut,"$74,800",7.3,No,No,No,No,Yes,No,Difficult,No,Very difficult,Stressed
2017-0197,2017,22,Alberta,"149,000",30.0,No,Yes,No,No,No,No,Difficult,N,Manageable,Coping
2017-0198,2017,28,alberta,"$60,200",24.0,No,No,No,N,No,Yes,NA,Yes,Very manageable,Comfortable
2017-0199,2017,30,Yukon,"77,700",6.1,No,No,yes,No,no,No,Somewhat difficult,N,Neither,Stressed
2017-0200,2017,65,Nova Scotia,110600,22.5,Yes,No,No,No,No,N,Manageable,NA,Very manageable,Coping
2017-0202,2017,35,ontario ,"$102,600",NA,No,No,No,No,No,yes,Very manageable,N,Neither,Comfortable
2017-0203,2017,36,Quebec,"75,600",26.0,No,No,No,N,No,Yes,Difficult,NA,Somewhat manageable,Coping
2017-0204,2017,26,Alberta,"$117,300",7.4,No,no,No,Yes,No,no,Very difficult,No,Somewhat difficult,Stressed
2017-0205,2017,18,Alberta,59200,0.0,NA,NA,NA,NA,NA,NA,Somewhat difficult,No,Somewhat difficult,Stressed
2017-0206,2017,39,Quebec,"91,600",6.0,No,no,No,No,No,Yes,Difficult,No,Difficult,Stressed
2017-0207,2017,28,Saskatchewan,39700,15.3,No,No,no,No,No,yes,Somewhat difficult,Yes,Very manageable,Stressed
2017-0208,2017,39,British Columbia,"$96,100",16.3,No,No,N,No,No,Yes,Very difficult,Yes,Somewhat manageable,Coping
2017-0209,2017,21,British Columbia,"52,500",3.8,no,No,Yes,No,no,No,Very difficult,NA,Difficult,Stressed
2017-0210,2017,31,Nova Scotia,53300,9.9,N,N,No,N,No,Yes,Somewhat manageable,No,Neither,Coping
2017-0211,2017,42,New Brunswick,64700,10.6,No,No,No,No,Yes,No,Somewhat difficult,No,Neither,Coping
2017-0212,2017,44,Alberta,171K,16.2,N,N,N,No,N,Yes,Somewhat manageable,No,Somewhat manageable,Coping
2017-0214,2017,24,British Columbia,30000,29.4,No,No,No,No,No,Yes,Somewhat difficult,N,Neither,Comfortable
2017-0215,2017,50,ontario ,79100,16.7,NA,NA,NA,NA,NA,NA,Manageable,N,Neither,Coping
2017-0216,2017,30,alberta,"$68,500",6.0,No,No,Yes,No,No,No,Neither,Yes,Somewhat manageable,Coping
2017-0217,2017,48,Alberta,"113,400",1.4,NA,NA,NA,NA,NA,NA,Somewhat difficult,Yes,Somewhat difficult,Stressed
2017-0218,2017,40,Ontario,101600,10.7,N,N,yes,No,No,No,Very difficult,Yes,Somewhat difficult,Stressed
2017-0219,2017,23,British Columbia,"$79,800",12.6,No,Y,No,No,No,No,Very manageable,No,Somewhat difficult,Comfortable
2017-0220,2017,36,Ontario,59700,12.6,Yes,No,No,No,No,No,Somewhat manageable,No,Somewhat difficult,Coping
2017-0221,2017,44,Alberta,101200,15.8,no,No,N,No,No,Yes,Somewhat manageable,No,Neither,Coping
2017-0222,2017,47,Saskatchewan,"$69,200",7.2,N,N,No,No,Yes,N,Very manageable,Yes,Manageable,Coping
2017-0223,2017,38,Ontario,63400,7.9,N,no,yes,No,No,No,Neither,No,Neither,Coping
2017-0224,2017,58,QC,84K,21.3,No,no,No,Yes,N,No,Very manageable,No,Neither,Comfortable
2017-0225,2017,52,Alberta,"$67,300",10.5,No,Yes,No,No,no,No,Neither,No,Neither,Stressed
2017-0226,2017,37,British Columbia,"$112,400",29.4,No,No,N,Yes,No,No,Very manageable,No,Very manageable,Comfortable
2017-0227,2017,49,Manitoba,"$119,200",11.0,no,No,N,No,No,Yes,Somewhat manageable,No,Somewhat difficult,Stressed
2017-0228,2017,63,Ontario,148800,14.4,No,No,No,Yes,N,No,Very manageable,Y,Very difficult,Coping
2017-0229,2017,64,British Columbia,"122,200",9.5,N,N,No,No,Yes,N,Somewhat difficult,No,Somewhat manageable,Coping
2017-0230,2017,25,Alberta,86K,NA,No,no,No,No,Yes,No,Neither,no,Somewhat difficult,Stressed
2017-0232,2017,58,British Columbia,"$137,900",16.5,Yes,no,No,No,No,No,Somewhat manageable,Yes,Somewhat difficult,Coping
2017-0233,2017,27,Manitoba,70800,24.4,No,N,yes,No,No,no,Somewhat manageable,No,Very difficult,Comfortable
2017-0234,2017,24,British Columbia,79800,1.4,Yes,No,no,N,No,No,Very manageable,No,Neither,Coping
2017-0236,2017,45,Ontario,"62,900",30.0,No,No,N,No,Yes,No,Manageable,no,Somewhat manageable,Comfortable
2017-0237,2017,39,Manitoba,"38,600",14.5,No,No,N,No,No,yes,Somewhat manageable,no,Somewhat difficult,Coping
2017-0238,2017,32,British Columbia,"$51,600",12.1,no,No,Yes,No,No,No,Somewhat manageable,No,Somewhat manageable,Comfortable
2017-0239,2017,32,Ontario,89900,19.8,Y,no,N,No,No,No,Neither,N,Somewhat manageable,Stressed
2017-0240,2017,31,Ontario,92200,7.9,No,No,No,No,Yes,No,Very difficult,No,NA,Stressed
2017-0241,2017,29,Manitoba,30000,24.7,NA,NA,NA,NA,NA,NA,Very manageable,Yes,Manageable,Comfortable
2017-0242,2017,65,Ontario,"$93,100",24.8,Yes,No,No,No,No,No,Very manageable,No,Manageable,Comfortable
2017-0243,2017,44,Saskatchewan,NA,6.2,no,Yes,No,No,No,No,Difficult,Yes,Somewhat difficult,Stressed
2017-0244,2017,51,Ontario,"$90,800",9.6,Yes,No,No,N,No,No,Somewhat manageable,N,Very manageable,Coping
2017-0245,2017,34,quebec,35100,26.7,No,no,N,Yes,No,No,Somewhat difficult,N,Manageable,Coping
2017-0246,2017,38,Ontario,"$39,300",29.0,N,No,Yes,No,No,No,Very manageable,No,Neither,Comfortable
2017-0247,2017,31,Alberta,46800,18.9,No,No,Y,No,no,No,Very manageable,No,Very difficult,Coping
2017-0248,2017,18,New Brunswick,54600,17.5,No,No,No,No,Yes,no,Somewhat difficult,No,Somewhat difficult,Coping
2017-0249,2017,23,Ontario,"30,000",8.0,No,N,yes,No,No,No,Somewhat manageable,No,Somewhat difficult,Coping
2017-0250,2017,18,Yukon,"48,500",21.7,No,No,Yes,No,No,No,Somewhat manageable,Yes,Neither,Coping
2017-0251,2017,18,Nova Scotia,"$83,800",8.9,Yes,No,No,No,No,No,Somewhat manageable,No,Manageable,Coping
2017-0252,2017,26,Alberta,30000,NA,No,N,N,No,No,yes,Very manageable,NA,Very manageable,Comfortable
2017-0253,2017,56,ontario ,102800,4.2,No,No,yes,No,no,No,Neither,No,Somewhat difficult,Coping
2017-0254,2017,39,Alberta,"114,200",0.0,NA,NA,NA,NA,NA,NA,Somewhat difficult,N,Somewhat difficult,Stressed
2017-0255,2017,55,Ontario,"$95,000",9.6,Yes,No,no,N,No,no,Difficult,Yes,Very difficult,Stressed
2017-0256,2017,45,Ontario,75300,9.1,No,No,No,No,Y,N,Neither,Yes,Neither,Coping
2017-0257,2017,49,Ontario,"133,400",8.1,No,No,No,No,No,Yes,Very manageable,N,Difficult,Comfortable
2017-0258,2017,29,Quebec,"$59,300",10.7,Yes,No,No,No,no,No,Difficult,No,Manageable,Stressed
2017-0259,2017,46,Ontario,127K,18.6,No,Yes,No,No,No,no,Somewhat difficult,No,Somewhat manageable,Stressed
2017-0260,2017,49,Ontario,111400,22.3,no,Yes,No,No,No,No,Somewhat difficult,No,Somewhat difficult,Coping
2017-0261,2017,33,Ontario,64200,6.7,N,no,No,No,Yes,no,Neither,No,Neither,Stressed
2017-0262,2017,47,Ontario,109900,22.1,N,No,No,no,No,Yes,Manageable,No,Manageable,Comfortable
2017-0263,2017,47,Quebec,105100,19.3,No,no,No,Y,No,No,Neither,N,NA,Coping
2017-0264,2017,33,Alberta,105100,13.6,No,N,yes,No,no,no,Difficult,N,Somewhat difficult,Stressed
2017-0265,2017,27,Ontario,"$49,000",19.6,NA,NA,NA,NA,NA,NA,Manageable,No,Neither,Comfortable
2017-0266,2017,26,British Columbia,65200,8.2,NA,NA,NA,NA,NA,NA,Manageable,No,Neither,Stressed
2017-0267,2017,41,Ontario,"$84,700",9.5,No,N,Yes,No,No,No,Somewhat difficult,no,Very difficult,Stressed
2017-0268,2017,44,ontario ,112100,10.8,No,yes,N,No,No,No,NA,No,Neither,Stressed
2017-0269,2017,30,New Brunswick,39K,7.3,No,No,Yes,no,No,No,Neither,No,Difficult,Stressed
2017-0270,2017,40,Alberta,"$115,500",7.4,No,no,No,No,No,Yes,Somewhat difficult,NA,Neither,Stressed
2017-0271,2017,47,British Columbia,109500,14.9,No,No,No,No,No,Yes,Somewhat difficult,No,Somewhat manageable,Stressed
2017-0272,2017,47,Ontario,"$56,000",14.0,No,No,N,No,No,Yes,Difficult,N,Difficult,Stressed
2017-0273,2017,59,BC,"$149,700",10.4,No,No,No,No,No,Yes,Difficult,Yes,Somewhat difficult,Stressed
2017-0274,2017,55,Alberta,"$174,500",24.3,Yes,No,No,No,No,No,Somewhat manageable,N,NA,Coping
2017-0275,2017,28,Quebec,"$97,100",11.7,No,No,Yes,No,No,No,Manageable,No,Somewhat difficult,Coping
2017-0276,2017,60,Ontario,"$157,800",NA,Yes,No,no,no,No,N,Very manageable,No,Neither,Coping
2017-0277,2017,34,British Columbia,"$78,600",17.3,No,No,No,No,N,Yes,Manageable,No,Somewhat manageable,Coping
2017-0278,2017,53,British Columbia,54700,30.0,No,No,No,Yes,No,No,Neither,Y,Neither,Coping
2017-0279,2017,41,Saskatchewan,"31,200",13.7,N,No,yes,N,No,No,Somewhat manageable,N,Very manageable,Comfortable
2017-0280,2017,35,Ontario,"$85,200",NA,Y,no,No,No,No,No,Manageable,NA,Somewhat manageable,Comfortable
2017-0281,2017,18,Ontario,"34,200",10.1,No,No,No,No,No,Yes,Manageable,No,Neither,Stressed
2017-0282,2017,38,British Columbia,54600,10.0,No,N,no,N,No,Yes,Neither,No,Difficult,Stressed
2017-0283,2017,21,British Columbia,54600,17.8,No,No,no,No,No,Yes,Somewhat difficult,Yes,Very difficult,Stressed
2017-0284,2017,52,Alberta,121500,4.7,Yes,No,No,No,No,No,Neither,yes,Very difficult,Stressed
2017-0285,2017,58,Ontario,68400,19.4,No,No,N,N,No,Y,Manageable,Y,Manageable,Coping
2017-0286,2017,30,Alberta,"$56,500",21.0,No,No,No,No,No,Yes,Very manageable,yes,Manageable,Coping
2017-0287,2017,44,Alberta,136300,11.5,no,N,No,N,No,Yes,Neither,N,Somewhat manageable,Stressed
2017-0288,2017,31,Ontario,39200,8.2,No,No,No,N,N,Yes,Neither,No,Somewhat difficult,Coping
2017-0289,2017,32,Saskatchewan,99100,22.4,No,No,No,No,No,Y,Neither,No,Neither,Coping
2017-0290,2017,49,Ontario,84000,14.1,no,No,No,No,N,yes,Somewhat difficult,No,Somewhat manageable,Stressed
2017-0291,2017,40,ON,101K,26.2,No,No,No,No,Yes,No,Manageable,No,Manageable,Comfortable
2017-0292,2017,61,Ontario,149K,9.0,No,No,Y,No,No,No,Somewhat manageable,Yes,Difficult,Stressed
2017-0293,2017,34,New Brunswick,"98,200",23.6,No,No,Yes,No,No,No,Manageable,No,Very manageable,Comfortable
2017-0294,2017,52,British Columbia,130K,7.6,No,N,No,No,No,Yes,Somewhat difficult,No,Difficult,Stressed
2017-0295,2017,41,ON,52000,26.5,NA,NA,NA,NA,NA,NA,Manageable,N,Somewhat difficult,Comfortable
2017-0296,2017,50,New Brunswick,133400,22.2,Yes,No,No,No,N,No,Manageable,No,Very manageable,Comfortable
2017-0297,2017,35,Ontario,51900,16.1,No,Yes,N,No,No,No,Manageable,N,Somewhat manageable,Comfortable
2017-0298,2017,39,quebec,91300,14.7,N,No,No,No,No,Yes,Neither,no,Somewhat manageable,Comfortable
2017-0299,2017,39,Yukon,91200,16.7,No,N,No,No,No,Yes,Very manageable,No,Manageable,Comfortable
2017-0300,2017,30,Alberta,85K,15.3,NA,NA,NA,NA,NA,NA,Neither,NA,Very manageable,Coping
2017-0301,2017,48,Manitoba,107100,21.8,N,No,no,Yes,No,No,Manageable,No,NA,Comfortable
2017-0302,2017,48,Alberta,71700,9.1,No,no,No,No,No,Yes,Difficult,No,Somewhat manageable,Stressed
2017-0303,2017,47,British Columbia,55000,17.0,No,No,No,No,No,Y,Somewhat manageable,No,Neither,Coping
2017-0304,2017,58,British Columbia,"138,200",10.2,Yes,No,No,N,No,No,Somewhat manageable,N,Difficult,Coping
2017-0305,2017,57,Alberta,"$116,100",NA,Y,No,No,No,No,No,Very manageable,No,Somewhat manageable,Comfortable
2017-0306,2017,36,Ontario,113500,12.4,NA,NA,NA,NA,NA,NA,Difficult,No,Neither,Coping
2017-0307,2017,44,Ontario,89700,11.4,Yes,No,No,No,No,No,Very manageable,no,Somewhat difficult,Coping
2017-0308,2017,33,Quebec,32300,16.9,No,No,No,No,Yes,N,NA,NA,Neither,Coping
2017-0309,2017,40,alberta,114K,0.0,No,No,no,No,No,Yes,Difficult,No,Neither,Stressed
2017-0310,2017,33,AB,63400,4.0,N,No,No,No,No,Yes,Difficult,yes,Neither,Stressed
2017-0311,2017,59,Manitoba,123800,19.9,Yes,No,No,no,No,No,Neither,Yes,Somewhat manageable,Coping
2017-0312,2017,44,Alberta,"71,600",NA,No,No,No,No,No,Yes,Manageable,No,Manageable,Coping
2017-0313,2017,37,British Columbia,"$129,800",13.6,No,Yes,No,No,No,N,Difficult,No,Somewhat difficult,Stressed
2017-0314,2017,54,Yukon,"$79,700",23.1,No,no,No,no,No,yes,Neither,No,Neither,Coping
2017-0315,2017,18,BC,41900,11.8,No,Y,No,No,No,No,Somewhat manageable,No,Neither,Coping
2017-0316,2017,18,British Columbia,NA,15.8,No,No,No,No,No,Yes,Manageable,No,Neither,Coping
2017-0317,2017,50,Ontario,67200,20.7,No,No,No,No,No,Yes,Somewhat manageable,No,Difficult,Coping
2017-0318,2017,41,Ontario,"$96,400",11.2,No,Yes,No,no,no,No,Manageable,Yes,Somewhat difficult,Coping
2017-0319,2017,43,Ontario,137900,12.3,N,No,Yes,No,No,No,Difficult,Yes,Difficult,Stressed
2017-0320,2017,24,Manitoba,"$46,300",17.3,No,No,No,N,No,Yes,Very manageable,No,Somewhat manageable,Comfortable
2017-0321,2017,40,Ontario,96900,18.7,Yes,N,no,No,No,No,Somewhat manageable,No,Very manageable,Comfortable
2017-0322,2017,64,Alberta,38K,9.2,Yes,No,No,no,No,N,Somewhat difficult,Yes,Somewhat manageable,Coping
2017-0323,2017,50,New Brunswick,"$98,800",16.1,No,No,Yes,No,No,N,Very manageable,Y,Neither,Coping
2017-0324,2017,42,Ontario,"$78,600",20.9,N,No,No,No,No,Yes,Somewhat difficult,Yes,Neither,Coping
2017-0325,2017,35,Quebec,"$52,900",20.7,No,No,No,No,Yes,No,Neither,No,Manageable,Comfortable
2017-0326,2017,35,Manitoba,NA,6.4,No,No,Y,No,No,No,Somewhat manageable,Yes,Neither,Coping
2017-0327,2017,18,Ontario,"$42,200",14.4,NA,NA,NA,NA,NA,NA,Manageable,No,Somewhat manageable,Comfortable
2017-0328,2017,43,Alberta,84K,16.4,N,N,No,Yes,No,No,NA,No,Somewhat manageable,Coping
2017-0329,2017,50,Alberta,"88,700",25.1,No,No,Yes,No,No,N,Somewhat manageable,N,Difficult,Coping
2017-0330,2017,21,Alberta,"30,000",10.0,No,no,Yes,No,no,No,Neither,NA,Somewhat difficult,Stressed
2017-0331,2017,32,Ontario,"$39,000",11.7,N,No,Yes,No,No,N,Manageable,No,Neither,Coping
2017-0332,2017,26,British Columbia,92800,11.8,NA,NA,NA,NA,NA,NA,Difficult,No,Somewhat manageable,Stressed
2017-0333,2017,28,Ontario,30000,12.6,No,No,N,No,N,Yes,Somewhat manageable,No,Very manageable,Coping
2017-0334,2017,41,Alberta,"$63,500",19.4,Yes,No,No,no,N,No,Very manageable,No,Manageable,Comfortable
2017-0335,2017,18,Other,40000,3.2,No,No,No,N,No,Yes,Difficult,N,Somewhat difficult,Stressed
2017-0336,2017,47,Ontario,"$147,800",NA,no,Yes,No,no,No,No,Somewhat difficult,NA,Somewhat difficult,Coping
2017-0337,2017,49,Alberta,NA,0.0,No,No,Yes,N,No,no,Very difficult,N,Neither,Stressed
2017-0338,2017,37,Alberta,63800,18.8,No,yes,No,No,no,No,Somewhat manageable,N,Manageable,Coping
2017-0339,2017,18,alberta,"91,100",5.7,No,No,No,No,Yes,no,NA,No,Manageable,Stressed
2017-0340,2017,28,Ontario,44800,19.1,N,No,No,No,no,Y,NA,Yes,Very manageable,Comfortable
2017-0341,2017,55,british columbia,137800,16.5,No,Yes,No,no,No,no,Manageable,N,Difficult,Stressed
2017-0342,2017,18,Ontario,30000,17.0,No,Y,N,No,No,No,Somewhat manageable,No,Manageable,Comfortable
2017-0343,2017,36,New Brunswick,"$111,200",17.2,No,Yes,No,No,No,No,Manageable,N,Very manageable,Comfortable
2017-0344,2017,26,Ontario,"$51,800",13.2,No,No,No,No,No,Yes,Somewhat difficult,Y,Somewhat manageable,Coping
2017-0345,2017,50,Ontario,69K,24.9,Yes,No,No,No,No,N,Difficult,No,Manageable,Comfortable
2017-0346,2017,32,ontario ,66500,18.9,No,no,no,No,No,Yes,Very manageable,No,Somewhat manageable,Comfortable
2017-0347,2017,45,Yukon,"100,800",11.0,No,No,Yes,no,No,No,Manageable,Yes,Manageable,Comfortable
2017-0348,2017,47,Alberta,"80,700",3.7,No,Yes,No,No,N,no,Somewhat manageable,N,Difficult,Stressed
2017-0349,2017,62,Ontario,134600,21.7,No,No,No,No,Yes,No,Somewhat manageable,No,NA,Coping
2017-0350,2017,38,Alberta,"$64,500",8.4,No,No,No,Y,No,No,Difficult,No,Somewhat manageable,Stressed
2017-0351,2017,45,Ontario,"$111,100",16.7,Yes,No,No,No,no,N,Neither,Yes,Very manageable,Coping
2017-0352,2017,22,Quebec,71300,6.7,NA,NA,NA,NA,NA,NA,Difficult,no,Somewhat manageable,Stressed
2017-0353,2017,54,ontario ,104K,10.0,Yes,No,N,No,No,No,Manageable,No,Neither,Coping
2017-0354,2017,31,Ontario,58300,24.1,NA,NA,NA,NA,NA,NA,Somewhat manageable,yes,Difficult,Coping
2017-0355,2017,33,British Columbia,79000,12.9,N,N,Yes,No,No,No,Neither,Yes,Somewhat difficult,Coping
2017-0356,2017,40,New Brunswick,"$101,500",11.3,No,N,no,yes,No,N,Somewhat manageable,Yes,Manageable,Coping
2017-0357,2017,21,Manitoba,118400,29.7,no,No,No,No,no,Yes,Very manageable,No,Manageable,Comfortable
2017-0358,2017,43,Ontario,NA,16.9,yes,No,No,N,No,no,Very manageable,No,Very manageable,Comfortable
2017-0359,2017,52,Nova Scotia,132300,10.4,No,No,No,No,No,Yes,Difficult,No,Neither,Coping
2017-0360,2017,44,British Columbia,"183,700",14.1,NA,NA,NA,NA,NA,NA,Very difficult,Yes,Neither,Coping
2017-0361,2017,21,British Columbia,"$72,000",22.0,NA,NA,NA,NA,NA,NA,Neither,No,Manageable,Comfortable
2017-0362,2017,39,British Columbia,98000,9.3,NA,NA,NA,NA,NA,NA,Somewhat difficult,Yes,Difficult,Stressed
2017-0363,2017,49,Manitoba,119600,18.5,no,No,No,No,No,Yes,Somewhat difficult,no,Very manageable,Stressed
2017-0364,2017,18,Alberta,30000,9.7,No,No,No,No,Yes,N,Difficult,no,Neither,Stressed
2017-0365,2017,27,Quebec,52K,0.0,No,No,Yes,N,No,No,Neither,No,Very difficult,Coping
2017-0366,2017,51,Ontario,"86,300",16.0,N,No,Yes,No,No,No,Neither,No,Very difficult,Coping
2017-0367,2017,43,Alberta,108900,22.3,No,No,No,N,No,Yes,Neither,No,Very manageable,Comfortable
2017-0368,2017,45,Ontario,87300,14.3,No,N,No,yes,No,No,NA,NA,Somewhat manageable,Coping
2017-0369,2017,62,Ontario,"122,100",15.5,no,No,No,No,Yes,No,Somewhat manageable,Yes,Somewhat manageable,Coping
2017-0370,2017,46,British Columbia,"126,600",21.8,Yes,no,No,No,N,No,Manageable,No,Manageable,Comfortable
2017-0371,2017,48,Alberta,"$122,900",21.6,N,No,N,N,No,yes,NA,Yes,Somewhat manageable,Comfortable
2017-0372,2017,65,Alberta,118K,11.1,Yes,No,No,No,no,N,Difficult,No,Somewhat manageable,Stressed
2017-0373,2017,37,Alberta,"$60,400",10.7,NA,NA,NA,NA,NA,NA,NA,Yes,Very manageable,Coping
2017-0375,2017,45,Yukon,115700,23.1,no,Yes,No,N,No,No,Somewhat difficult,No,Somewhat manageable,Stressed
2017-0376,2017,45,Alberta,"$44,300",4.4,NA,NA,NA,NA,NA,NA,Somewhat manageable,No,Somewhat difficult,Stressed
2017-0377,2017,34,Ontario,66600,22.7,No,No,No,No,no,Yes,Very manageable,No,Neither,Comfortable
2017-0378,2017,28,Alberta,72000,NA,No,No,No,N,No,Yes,Manageable,NA,Neither,Coping
2017-0379,2017,65,ontario ,145900,14.7,NA,NA,NA,NA,NA,NA,Somewhat difficult,Yes,Manageable,Coping
2017-0380,2017,44,Ontario,"$118,300",8.4,No,No,Y,No,No,No,Somewhat difficult,No,Very difficult,Coping
2017-0381,2017,31,Manitoba,"80,000",11.3,No,No,No,No,No,Yes,Somewhat manageable,No,Neither,Coping
2017-0382,2017,51,Alberta,119100,29.3,No,Yes,No,No,N,No,Manageable,No,Manageable,Comfortable
2017-0383,2017,39,ON,"$85,400",25.3,No,No,No,No,Yes,No,Very manageable,No,Somewhat difficult,Comfortable
2017-0384,2017,37,Yukon,"$60,300",17.4,No,No,N,Yes,No,No,Manageable,No,Manageable,Coping
2017-0385,2017,47,British Columbia,87700,3.4,yes,No,No,No,N,No,Neither,Yes,Very manageable,Coping
2017-0386,2017,24,Alberta,"$61,600",30.0,No,No,No,N,Yes,No,Somewhat manageable,No,Somewhat difficult,Comfortable
2017-0387,2017,44,Alberta,"$90,000",6.8,No,No,No,No,N,Yes,Neither,no,Somewhat difficult,Coping
2017-0388,2017,63,Ontario,62900,30.0,Yes,No,No,No,N,No,Somewhat manageable,No,Very manageable,Comfortable
2017-0389,2017,46,ON,"$82,100",13.1,No,No,No,N,No,Y,Neither,N,Difficult,Stressed
2017-0390,2017,35,Ontario,"$79,200",26.0,No,No,No,No,Yes,No,Very manageable,No,Difficult,Comfortable
2017-0391,2017,34,Ontario,"67,600",8.9,No,Y,no,no,No,No,Neither,N,Very manageable,Coping
2017-0392,2017,35,Quebec,70100,8.8,NA,NA,NA,NA,NA,NA,Neither,No,Manageable,Stressed
2017-0393,2017,37,Ontario,95100,11.2,No,yes,N,No,N,no,NA,Yes,Somewhat manageable,Coping
2017-0394,2017,35,British Columbia,45100,NA,Yes,No,No,no,no,No,Somewhat manageable,No,Neither,Coping
2017-0395,2017,51,Ontario,52700,6.8,No,No,No,no,Yes,No,Difficult,No,Manageable,Stressed
2017-0396,2017,19,british columbia,"$43,100",1.8,Yes,No,No,No,No,No,Somewhat manageable,No,Somewhat manageable,Coping
2017-0397,2017,50,British Columbia,122900,29.9,yes,No,No,No,No,No,Very manageable,Y,Manageable,Comfortable
2017-0398,2017,35,Quebec,"$128,100",7.6,No,No,No,no,No,Yes,Difficult,No,Somewhat manageable,Stressed
2017-0399,2017,45,ON,116000,11.1,Yes,No,N,No,No,N,Somewhat manageable,No,Somewhat manageable,Coping
2017-0400,2017,26,Saskatchewan,"$30,000",10.6,No,N,No,No,No,yes,Manageable,Yes,Neither,Coping
2017-0401,2017,56,New Brunswick,"$102,000",16.2,No,No,No,N,No,Yes,Somewhat difficult,Y,Neither,Coping
2017-0402,2017,55,Ontario,"$115,200",15.7,Yes,N,No,No,No,No,Very manageable,no,Somewhat manageable,Comfortable
2017-0403,2017,52,Ontario,"108,300",6.2,N,N,Yes,N,N,No,Very manageable,No,Somewhat manageable,Comfortable
2017-0404,2017,22,Alberta,74200,10.0,Yes,No,No,no,No,No,Somewhat manageable,No,Somewhat difficult,Stressed
2017-0405,2017,50,British Columbia,72500,25.6,No,No,no,Yes,No,No,Manageable,No,Somewhat manageable,Comfortable
2017-0406,2017,45,Ontario,"$94,400",20.6,Yes,No,N,No,No,No,Manageable,No,Very manageable,Comfortable
2017-0407,2017,21,AB,69100,2.3,NA,NA,NA,NA,NA,NA,Very manageable,No,Somewhat difficult,Stressed
2017-0408,2017,40,Quebec,109800,22.6,No,Yes,No,No,N,No,Manageable,N,Very difficult,Comfortable
2017-0409,2017,44,Alberta,66800,0.7,No,No,No,No,No,Yes,Difficult,No,Difficult,Stressed
2017-0410,2017,47,British Columbia,"85,100",14.8,N,Y,No,No,No,N,Somewhat difficult,No,Neither,Comfortable
2017-0411,2017,42,Ontario,30000,9.5,No,Yes,No,No,N,No,Manageable,N,Manageable,Coping
2017-0412,2017,43,Alberta,"$70,900",19.1,No,No,N,Yes,N,No,Neither,No,Neither,Coping
2017-0413,2017,58,Quebec,"96,300",6.2,No,no,No,Yes,No,No,Difficult,No,Difficult,Stressed
2017-0414,2017,55,Ontario,"$76,900",18.9,NA,NA,NA,NA,NA,NA,Manageable,no,Very manageable,Comfortable
2017-0415,2017,18,Alberta,"57,000",17.8,Yes,N,No,N,No,N,Neither,N,Very difficult,Stressed
2017-0416,2017,36,Ontario,"$77,300",9.8,Yes,No,no,No,No,No,Somewhat difficult,No,Difficult,Stressed
2017-0417,2017,38,Ontario,"30,000",9.7,No,No,Yes,N,No,No,Somewhat manageable,No,Somewhat manageable,Stressed
2017-0418,2017,19,ontario ,60000,19.4,No,No,Yes,No,No,N,Very manageable,No,Manageable,Comfortable
2017-0419,2017,41,Ontario,"$58,700",5.0,No,N,N,No,No,Yes,Manageable,Yes,Somewhat manageable,Stressed
2017-0420,2017,55,ON,122100,6.7,No,no,No,No,No,yes,Very manageable,No,Very manageable,Comfortable
2017-0421,2017,27,Ontario,"$30,000",19.8,N,No,no,no,no,Y,Neither,No,Very manageable,Coping
2017-0422,2017,44,British Columbia,91900,10.2,No,Yes,No,No,No,No,Neither,Yes,Very difficult,Stressed
2017-0423,2017,29,ON,"60,000",7.1,No,N,No,Yes,No,No,Very difficult,Yes,Somewhat manageable,Stressed
2017-0424,2017,32,Saskatchewan,82K,7.3,No,No,No,No,No,Yes,Very manageable,Yes,Neither,Stressed
2017-0425,2017,58,Ontario,116K,18.4,Yes,N,No,No,No,No,Neither,No,Somewhat difficult,Coping
2017-0426,2017,33,Ontario,"$66,800",11.1,No,No,No,N,No,Yes,Very manageable,No,Very manageable,Comfortable
2017-0427,2017,46,New Brunswick,"47,900",5.1,No,No,Yes,No,No,No,Neither,No,Somewhat difficult,Stressed
2017-0428,2017,18,Ontario,30000,14.0,No,N,Yes,No,No,No,Somewhat manageable,Y,Very manageable,Comfortable
2017-0429,2017,62,Yukon,"$100,500",16.9,NA,NA,NA,NA,NA,NA,Neither,No,Neither,Stressed
2017-0430,2017,47,Alberta,"95,300",28.1,No,No,Yes,N,No,No,Difficult,No,Somewhat manageable,Comfortable
2017-0432,2017,47,Ontario,114300,11.4,No,N,Y,No,No,No,Manageable,N,Very manageable,Comfortable
2017-0433,2017,23,Ontario,51100,13.2,Yes,No,No,No,No,No,Neither,No,Neither,Coping
2017-0434,2017,54,Ontario,77000,18.7,Yes,No,No,No,N,N,Manageable,yes,Very difficult,Comfortable
2017-0435,2017,36,Alberta,70700,1.4,No,Yes,No,No,N,No,Somewhat manageable,No,Very difficult,Stressed
2017-0437,2017,34,ON,"$85,700",9.6,Yes,no,No,No,No,no,Somewhat difficult,NA,Difficult,Stressed
2017-0438,2017,33,Ontario,NA,16.8,No,No,N,No,Yes,No,Manageable,No,Somewhat manageable,Coping
2017-0439,2017,48,Ontario,"$76,900",9.8,N,No,No,No,No,Yes,Manageable,N,Somewhat manageable,Coping
2017-0440,2017,43,Ontario,87K,18.3,No,no,Yes,No,No,No,Difficult,N,Somewhat difficult,Coping
2017-0441,2017,48,Ontario,109800,19.3,No,yes,N,No,No,No,Very manageable,No,Manageable,Comfortable
2017-0442,2017,40,Ontario,"84,300",6.6,No,No,Yes,No,No,No,Very difficult,No,Difficult,Stressed
2017-0443,2017,46,Ontario,79000,17.7,N,No,No,No,no,Yes,Somewhat manageable,NA,Very manageable,Coping
2017-0444,2017,35,Ontario,"$31,000",0.0,No,no,no,No,Yes,No,Somewhat difficult,No,Somewhat manageable,Stressed
2017-0445,2017,65,Ontario,107200,16.0,Yes,No,No,N,N,No,Neither,No,Difficult,Stressed
2017-0446,2017,21,Alberta,"30,000",15.1,no,No,No,No,Yes,No,Somewhat difficult,No,Neither,Coping
2017-0447,2017,55,British Columbia,55700,30.0,No,No,Yes,No,No,N,Somewhat manageable,NA,Somewhat manageable,Comfortable
2017-0448,2017,56,ON,"$85,100",7.5,Yes,No,No,No,no,N,Manageable,No,Very manageable,Coping
2017-0449,2017,30,Quebec,39K,3.4,Y,No,No,No,No,No,Difficult,no,Somewhat difficult,Stressed
2017-0450,2017,65,ontario ,"$140,000",7.0,NA,NA,NA,NA,NA,NA,Neither,No,Neither,Coping
2017-0451,2017,52,Alberta,121K,9.3,Yes,No,No,No,No,No,Neither,No,Manageable,Stressed
2017-0452,2017,52,Ontario,"75,900",22.5,Yes,No,No,No,No,N,Very manageable,No,Somewhat difficult,Comfortable
2017-0453,2017,40,British Columbia,"$77,200",11.2,No,yes,No,No,no,No,Somewhat difficult,No,Neither,Coping
2017-0454,2017,37,Ontario,30000,2.9,No,No,No,No,Yes,No,Difficult,Y,Difficult,Stressed
2017-0455,2017,37,Ontario,NA,1.7,No,No,No,Yes,No,No,Manageable,Yes,Neither,Stressed
2017-0456,2017,45,Ontario,"$104,500",7.8,No,No,Y,no,No,No,Somewhat difficult,N,Somewhat difficult,Stressed
2017-0457,2017,57,Ontario,"$135,200",18.7,N,N,Yes,No,No,No,Somewhat difficult,No,Very manageable,Comfortable
2017-0458,2017,42,British Columbia,"66,600",9.9,No,N,No,No,no,Yes,Somewhat difficult,yes,Neither,Coping
2017-0459,2017,29,Nova Scotia,"100,100",30.0,No,No,Y,No,No,no,Manageable,No,Somewhat difficult,Comfortable
2017-0460,2017,50,Other,54500,13.5,No,No,No,No,No,yes,Very manageable,Yes,Manageable,Coping
2017-0461,2017,51,Ontario,64100,21.6,Yes,No,No,no,No,No,Neither,no,Manageable,Coping
2017-0462,2017,48,Ontario,118300,5.3,N,Y,N,No,No,no,Very difficult,No,Neither,Stressed
2017-0463,2017,49,Manitoba,148600,23.7,NA,NA,NA,NA,NA,NA,Manageable,No,Manageable,Comfortable
2017-0464,2017,37,Alberta,95K,13.7,No,No,No,N,No,Yes,Difficult,Yes,Somewhat difficult,Coping
2017-0466,2017,30,Alberta,30000,22.6,N,N,No,No,No,Y,Very manageable,Yes,Very difficult,Coping
2017-0467,2017,20,Manitoba,"$30,000",13.2,No,no,No,Yes,No,No,Somewhat manageable,No,Somewhat difficult,Coping
2017-0468,2017,43,Saskatchewan,93400,27.2,No,No,yes,No,No,no,Somewhat difficult,Yes,Very manageable,Comfortable
2017-0469,2017,39,Ontario,73K,4.2,No,N,No,No,N,Yes,Somewhat difficult,no,Neither,Stressed
2017-0471,2017,18,Alberta,"$54,000",8.8,No,N,Y,No,N,No,Somewhat difficult,N,Difficult,Coping
2017-0472,2017,25,British Columbia,"$66,000",21.4,no,No,No,No,Yes,no,Somewhat manageable,No,Very manageable,Coping
2017-0473,2017,53,Ontario,132800,9.6,No,Yes,No,N,No,N,Somewhat difficult,yes,Difficult,Stressed
2017-0474,2017,32,Manitoba,77100,9.8,Y,No,No,No,No,No,Neither,Yes,Difficult,Stressed
2017-0475,2017,44,Ontario,127900,14.8,NA,NA,NA,NA,NA,NA,Somewhat manageable,No,Difficult,Stressed
2017-0476,2017,23,ON,59700,20.9,No,N,No,no,Yes,No,Somewhat difficult,No,Very difficult,Coping
2017-0477,2017,57,alberta,"107,000",18.6,N,No,N,Yes,No,No,Very manageable,No,Somewhat difficult,Coping
2017-0478,2017,38,Ontario,"$113,900",5.5,No,No,No,N,Yes,No,Somewhat manageable,No,NA,Coping
2017-0479,2017,43,Saskatchewan,NA,9.8,N,No,No,No,Yes,No,Neither,no,Neither,Coping
2017-0480,2017,65,Manitoba,"206,900",8.0,Y,N,No,No,no,No,Manageable,No,Neither,Coping
2017-0481,2017,58,Alberta,123300,18.4,NA,NA,NA,NA,NA,NA,Difficult,N,Somewhat manageable,Coping
2017-0482,2017,36,Quebec,NA,8.9,no,No,No,No,Yes,No,Somewhat difficult,Yes,Neither,Stressed
2017-0483,2017,33,Quebec,90300,5.7,No,No,N,No,No,Yes,Somewhat manageable,Y,Somewhat manageable,Coping
2017-0484,2017,36,Ontario,"$135,300",12.9,No,No,No,Yes,No,No,Neither,Yes,Somewhat manageable,Coping
2017-0485,2017,46,Ontario,"117,800",0.5,No,no,Yes,No,No,N,Somewhat manageable,No,Neither,Stressed
2017-0486,2017,39,British Columbia,"35,300",13.7,Yes,No,N,no,N,No,Somewhat difficult,No,Somewhat manageable,Coping
2017-0487,2017,35,Ontario,"$119,600",NA,NA,NA,NA,NA,NA,NA,Manageable,No,Manageable,Coping
2017-0488,2017,58,Ontario,"$101,800",10.6,Yes,No,No,N,No,No,Very difficult,Yes,Neither,Stressed
2017-0489,2017,39,Alberta,86700,16.3,No,no,No,No,No,Yes,Somewhat difficult,no,Manageable,Coping
2017-0490,2017,65,Ontario,84100,25.4,No,No,No,No,No,Yes,Neither,No,Difficult,Coping
2017-0491,2017,41,Saskatchewan,102300,19.1,No,No,Yes,No,No,No,Manageable,No,Somewhat manageable,Coping
2017-0492,2017,61,Ontario,"$97,000",11.5,No,Yes,No,No,No,No,Somewhat difficult,No,Somewhat manageable,Coping
2017-0493,2017,44,british columbia,94000,18.9,No,No,no,N,No,Yes,Manageable,No,Somewhat difficult,Coping
2017-0494,2017,52,alberta,94500,5.6,Y,No,No,No,No,No,Somewhat difficult,N,Manageable,Coping
2017-0495,2017,31,Saskatchewan,"$129,300",15.3,No,No,No,No,No,Yes,Manageable,No,Neither,Comfortable
2017-0496,2017,30,Saskatchewan,129500,16.0,No,No,Yes,No,no,No,Neither,No,Somewhat difficult,Coping
2017-0497,2017,46,Ontario,95400,1.1,Yes,No,No,No,no,No,Somewhat difficult,Yes,Manageable,Coping
2017-0498,2017,52,Ontario,"104,900",13.8,Yes,No,No,no,No,N,Very manageable,No,Somewhat difficult,Coping
2017-0499,2017,40,Nova Scotia,73800,7.9,No,No,No,no,N,yes,Neither,No,Neither,Coping
2017-0500,2017,25,New Brunswick,"95,700",14.6,No,No,Yes,No,No,No,Somewhat manageable,N,Neither,Coping
2017-0501,2017,24,Alberta,51100,7.5,N,No,No,No,No,Yes,NA,Yes,Manageable,Coping
2017-0502,2017,23,Alberta,46900,25.0,No,Yes,No,No,No,No,Manageable,No,Somewhat manageable,Comfortable
2017-0503,2017,19,British Columbia,"$82,900",22.1,No,yes,N,No,no,No,Manageable,No,Manageable,Comfortable
2017-0504,2017,41,ontario ,"$70,400",22.4,No,No,no,No,No,Yes,Manageable,No,Manageable,Coping
2017-0505,2017,54,Alberta,104900,14.0,Yes,N,No,No,No,No,Somewhat manageable,No,Somewhat manageable,Coping
2017-0506,2017,40,British Columbia,38K,16.6,Yes,No,No,No,N,No,Manageable,NA,NA,Comfortable
2017-0507,2017,18,ON,73100,12.5,No,No,No,Y,No,No,Somewhat manageable,Yes,Manageable,Coping
2017-0508,2017,38,BC,"$140,200",12.6,No,No,No,no,No,Yes,Manageable,No,Somewhat manageable,Comfortable
2017-0509,2017,38,Alberta,103600,16.4,No,No,Yes,No,No,no,Neither,Yes,Very manageable,Coping
2017-0510,2017,65,Ontario,166400,10.9,Y,No,No,No,No,No,Somewhat difficult,No,Somewhat difficult,Stressed
2017-0511,2017,23,Manitoba,34100,20.3,NA,NA,NA,NA,NA,NA,Somewhat difficult,No,Very difficult,Stressed
2017-0512,2017,35,Ontario,84600,NA,N,N,No,No,No,Yes,Very manageable,Yes,Neither,Comfortable
2017-0513,2017,60,Quebec,86700,NA,No,No,No,No,No,Y,Manageable,Yes,Neither,Stressed
2017-0514,2017,45,Alberta,"85,700",5.1,No,No,no,No,No,Yes,Manageable,No,Difficult,Stressed
2017-0515,2017,47,Quebec,118700,15.3,No,No,N,N,No,Yes,Manageable,No,Somewhat manageable,Coping
2017-0516,2017,41,Quebec,89600,9.9,No,No,Yes,No,no,no,Somewhat difficult,No,Somewhat difficult,Stressed
2017-0517,2017,44,Ontario,49K,13.7,No,No,Yes,N,No,N,Somewhat manageable,Yes,Neither,Coping
2017-0518,2017,49,Ontario,59000,20.5,No,No,No,No,No,Yes,Somewhat difficult,No,Very difficult,Coping
2017-0519,2017,30,Ontario,30000,4.9,No,no,No,No,No,Y,Somewhat difficult,No,Somewhat manageable,Stressed
2017-0520,2017,51,Ontario,"116,200",28.9,NA,NA,NA,NA,NA,NA,Somewhat manageable,No,Somewhat manageable,Comfortable
2017-0521,2017,24,Ontario,122900,25.8,No,No,No,no,Yes,N,Very difficult,yes,Somewhat difficult,Comfortable
2017-0522,2017,44,Alberta,132K,13.9,no,No,Yes,No,No,No,Very manageable,No,Neither,Coping
2017-0523,2017,42,Saskatchewan,31K,6.4,No,No,No,Yes,No,N,Somewhat manageable,No,Somewhat difficult,Stressed
2017-0524,2017,33,Ontario,117100,28.6,No,No,N,no,Yes,N,Somewhat manageable,No,Somewhat manageable,Coping
2017-0525,2017,40,ON,113100,3.9,N,No,No,yes,No,No,Difficult,No,Somewhat difficult,Stressed
2017-0526,2017,33,Manitoba,"$30,000",15.8,No,No,no,No,No,Yes,Somewhat manageable,No,Very difficult,Coping
2017-0527,2017,27,Alberta,56400,16.7,no,No,No,N,yes,N,Manageable,No,Very manageable,Comfortable
2017-0528,2017,36,Ontario,111900,30.0,Yes,No,N,no,No,No,Very manageable,No,Somewhat manageable,Comfortable
2017-0529,2017,27,Ontario,"$82,000",28.2,No,N,No,N,Y,N,Very manageable,No,Difficult,Comfortable
2017-0530,2017,44,New Brunswick,51700,9.9,No,No,No,No,yes,No,Neither,NA,Manageable,Coping
2017-0531,2017,26,British Columbia,82300,17.1,No,No,No,No,N,Yes,Somewhat difficult,No,Somewhat manageable,Coping
2017-0532,2017,49,British Columbia,"$34,400",15.5,N,No,No,Y,No,No,Neither,No,Somewhat manageable,Coping
2017-0533,2017,26,Ontario,57K,10.9,no,No,No,No,Yes,N,Difficult,No,Neither,Coping
2017-0534,2017,33,Manitoba,108600,18.5,No,No,No,Yes,No,No,Neither,No,Neither,Coping
2017-0535,2017,33,Saskatchewan,75100,9.9,NA,NA,NA,NA,NA,NA,Very difficult,No,Somewhat difficult,Stressed
2017-0536,2017,56,Alberta,"$94,000",9.1,yes,No,No,No,N,No,Difficult,No,Very difficult,Stressed
2017-0537,2017,44,British Columbia,"117,700",13.7,No,No,No,No,No,Yes,Neither,No,Somewhat difficult,Coping
2017-0538,2017,37,British Columbia,109700,10.2,No,No,No,No,No,Y,Difficult,N,Very manageable,Stressed
2017-0539,2017,46,Ontario,"$133,300",9.1,N,No,N,No,Yes,No,Neither,No,Neither,Stressed
2017-0540,2017,18,Ontario,78200,22.4,no,N,no,No,Yes,No,Neither,No,Somewhat manageable,Comfortable
2017-0541,2017,39,ontario ,"$115,900",NA,Yes,No,No,N,No,No,Very manageable,No,Neither,Comfortable
2017-0542,2017,64,Saskatchewan,143000,24.2,No,No,No,Yes,No,No,Somewhat difficult,Yes,Somewhat manageable,Coping
2017-0543,2017,42,British Columbia,"96,000",14.6,N,No,N,Yes,No,No,Neither,No,Neither,Comfortable
2017-0545,2017,47,Alberta,88400,6.4,Y,N,No,No,No,No,Neither,No,Difficult,Stressed
2017-0546,2017,51,british columbia,"$65,100",24.6,No,No,No,No,Yes,No,Neither,No,Somewhat manageable,Coping
2017-0547,2017,18,Nova Scotia,30000,8.6,No,No,Yes,No,No,No,Somewhat manageable,No,Somewhat manageable,Coping
2017-0548,2017,20,Alberta,"46,500",4.3,No,No,No,no,No,Yes,Difficult,No,Very difficult,Stressed
2017-0549,2017,43,ON,96700,15.2,N,no,No,No,yes,No,Very manageable,no,Somewhat difficult,Comfortable
2017-0550,2017,31,ontario ,"$114,700",NA,No,Yes,No,No,No,N,NA,N,NA,Coping
2017-0551,2017,56,Ontario,"$107,700",5.8,No,N,Yes,No,No,No,Neither,no,Somewhat manageable,Coping
2017-0552,2017,36,Ontario,109100,NA,No,No,No,No,No,Y,Somewhat manageable,no,Neither,Stressed
2017-0553,2017,18,ontario ,84400,0.0,No,no,No,No,Yes,No,Difficult,No,Difficult,Stressed
2017-0554,2017,25,Manitoba,55600,23.7,Yes,No,No,No,no,N,Somewhat manageable,No,Manageable,Comfortable
2017-0555,2017,18,Alberta,"$69,800",5.5,N,No,No,Yes,No,no,Neither,No,Manageable,Stressed
2017-0556,2017,37,alberta,73K,0.6,no,N,Yes,No,No,N,Difficult,No,Neither,Stressed
2017-0557,2017,38,Ontario,122K,13.4,No,No,No,N,Yes,N,Very difficult,Yes,Difficult,Stressed
2017-0558,2017,35,Yukon,96600,6.2,N,No,No,No,Yes,No,Neither,yes,Somewhat manageable,Coping
2017-0559,2017,53,Alberta,"$68,800",18.8,Yes,N,No,No,No,No,Very difficult,No,Neither,Coping
2017-0560,2017,54,ontario ,"$110,800",9.8,No,No,No,Yes,No,No,Very manageable,Yes,Very difficult,Coping
2017-0562,2017,18,Ontario,"$46,600",NA,No,No,No,No,No,Yes,Somewhat difficult,No,Manageable,Stressed
2017-0563,2017,47,ON,"108,900",14.9,NA,NA,NA,NA,NA,NA,Somewhat manageable,Yes,Somewhat manageable,Comfortable
2017-0564,2017,47,Ontario,"$111,900",8.5,No,No,Yes,No,N,no,Somewhat manageable,No,Manageable,Coping
2017-0565,2017,44,Ontario,59900,17.6,No,No,No,Yes,No,N,Somewhat manageable,No,Neither,Coping
2017-0566,2017,52,Ontario,"118,300",12.4,Y,No,No,N,No,No,Difficult,NA,Neither,Coping
2017-0567,2017,26,Alberta,"30,000",20.8,No,N,No,Yes,No,No,Very manageable,No,Very difficult,Comfortable
2017-0568,2017,64,Quebec,102200,14.4,Yes,No,No,No,No,No,Somewhat difficult,No,Neither,Stressed
2017-0569,2017,28,Alberta,"$99,300",9.5,Yes,No,no,No,No,No,Manageable,Yes,Difficult,Coping
2017-0570,2017,49,Ontario,"109,200",14.5,No,no,No,No,No,Y,Neither,NA,Neither,Coping
2017-0571,2017,20,alberta,"45,900",19.7,No,No,Y,no,No,No,Somewhat difficult,No,Somewhat difficult,Coping
2017-0572,2017,29,Alberta,81900,27.7,No,N,No,No,No,yes,Very manageable,No,Somewhat manageable,Comfortable
2017-0573,2017,58,Alberta,110200,13.0,Yes,N,No,no,No,No,Manageable,No,Neither,Coping
2017-0574,2017,37,Nova Scotia,"$80,900",20.0,No,no,No,No,Yes,no,Manageable,No,Very difficult,Comfortable
2017-0575,2017,50,British Columbia,NA,9.8,No,No,Yes,N,N,no,Difficult,yes,Neither,Comfortable
2017-0576,2017,43,Alberta,"$67,700",7.7,No,No,No,N,No,yes,Manageable,No,Very manageable,Coping
2017-0577,2017,39,Nova Scotia,"84,700",24.2,N,No,N,No,No,Yes,Somewhat manageable,No,Difficult,Comfortable
2017-0578,2017,56,Manitoba,"99,600",13.2,N,Yes,No,No,No,No,Neither,No,Somewhat difficult,Coping
2017-0579,2017,37,Ontario,"$32,900",22.5,no,no,No,N,Yes,No,Manageable,N,Neither,Comfortable
2017-0580,2017,19,Quebec,NA,20.2,No,Yes,No,No,no,No,Difficult,No,Neither,Coping
2017-0581,2017,30,Ontario,"$117,000",6.9,No,No,N,no,Yes,No,Difficult,Yes,Somewhat manageable,Coping
2017-0582,2017,47,Alberta,"$107,000",12.6,Yes,no,No,N,No,No,Very difficult,No,Somewhat difficult,Coping
2017-0583,2017,45,British Columbia,"$52,800",8.9,No,No,No,Y,No,No,Somewhat manageable,No,Somewhat difficult,Stressed
2017-0584,2017,21,Quebec,"$30,000",9.8,No,Yes,No,No,No,No,Neither,No,Somewhat manageable,Coping
2017-0585,2017,31,AB,"$68,100",NA,No,No,No,No,No,Y,Very manageable,no,Neither,Comfortable
2017-0586,2017,33,Manitoba,121300,19.5,No,No,No,Yes,No,No,Very manageable,Yes,NA,Coping
2017-0587,2017,36,Saskatchewan,"73,400",9.5,N,No,No,N,Yes,No,Neither,No,Very manageable,Stressed
2017-0588,2017,23,Saskatchewan,98700,24.8,NA,NA,NA,NA,NA,NA,Somewhat manageable,yes,Difficult,Coping
2017-0589,2017,32,Manitoba,"$83,600",0.5,N,No,Yes,No,No,No,Somewhat difficult,yes,Somewhat difficult,Stressed
2017-0590,2017,31,Ontario,"$85,600",8.0,No,Yes,no,No,No,No,Somewhat difficult,N,Difficult,Stressed
2017-0591,2017,49,Nova Scotia,"58,400",24.6,N,N,No,No,N,Yes,Manageable,No,Neither,Comfortable
2017-0592,2017,50,Ontario,"$128,100",8.5,N,No,No,No,No,Yes,Very manageable,No,Neither,Coping
2017-0593,2017,38,Alberta,"$72,000",15.8,No,Yes,No,No,No,No,Manageable,Yes,Neither,Coping
2017-0594,2017,35,Alberta,"$103,400",7.4,No,No,No,No,No,Yes,Neither,No,Neither,Coping
2017-0595,2017,42,Ontario,"63,600",11.5,No,No,N,Yes,No,No,Difficult,N,Difficult,Stressed
2017-0596,2017,30,British Columbia,"$75,300",13.3,Yes,no,No,No,No,No,Somewhat manageable,No,Difficult,Stressed
2017-0597,2017,26,Ontario,"$74,600",15.6,No,No,No,Y,N,No,Somewhat difficult,no,Very manageable,Coping
2017-0598,2017,29,British Columbia,63900,2.9,No,Yes,No,No,No,N,Manageable,No,Very manageable,Coping
2017-0599,2017,32,Quebec,85K,NA,N,Yes,No,no,No,No,Somewhat manageable,Yes,Difficult,Comfortable
2017-0600,2017,26,Ontario,56000,17.4,no,No,No,No,No,Yes,Somewhat manageable,No,Somewhat manageable,Coping
2017-0601,2017,42,Ontario,68500,14.1,No,No,Yes,No,No,No,Manageable,No,Neither,Coping
2017-0602,2017,49,Ontario,146700,3.1,no,No,No,No,No,Yes,Manageable,No,Manageable,Comfortable
2017-0603,2017,21,British Columbia,88000,30.0,N,No,No,no,no,Yes,Somewhat manageable,No,Manageable,Comfortable
2017-0604,2017,40,Ontario,"$62,200",14.8,N,No,No,No,No,Yes,Manageable,No,Manageable,Coping
2017-0605,2017,37,British Columbia,97600,16.3,N,N,No,No,Yes,No,Manageable,No,Difficult,Comfortable
2017-0606,2017,44,ontario ,68700,29.0,No,No,No,No,No,Yes,Manageable,No,Somewhat manageable,Comfortable
2017-0607,2017,40,ON,"49,500",17.3,No,N,Yes,No,No,No,Manageable,No,Very manageable,Comfortable
2017-0608,2017,23,Quebec,90500,4.6,N,No,No,No,Yes,No,Somewhat difficult,No,Difficult,Stressed
2017-0609,2017,25,Quebec,30000,16.2,No,No,No,Yes,No,No,Somewhat manageable,No,Difficult,Coping
2017-0610,2017,40,Saskatchewan,"112,800",24.7,No,No,No,No,No,Yes,Somewhat difficult,No,Somewhat manageable,Coping
2017-0611,2017,52,BC,95400,23.7,Y,No,No,No,No,No,Neither,No,Manageable,Coping
2017-0612,2017,18,Quebec,45700,16.2,No,No,No,No,Yes,No,Manageable,no,Somewhat manageable,Coping
2017-0613,2017,44,Ontario,"$103,300",25.2,No,No,No,No,N,Y,Somewhat difficult,No,Manageable,Comfortable
2017-0614,2017,54,New Brunswick,"$123,400",27.5,no,yes,No,N,No,No,Manageable,No,Manageable,Comfortable
2017-0615,2017,38,Ontario,57200,1.7,No,No,No,no,N,Yes,Neither,No,Difficult,Stressed
2017-0616,2017,47,British Columbia,117000,17.9,No,No,Yes,No,No,No,Manageable,N,Somewhat manageable,Coping
2017-0617,2017,32,british columbia,"76,400",9.6,No,Y,N,No,No,No,Somewhat manageable,No,Manageable,Coping
2017-0618,2017,39,British Columbia,"$45,800",15.9,N,No,no,No,Yes,no,Manageable,No,Manageable,Coping
2017-0619,2017,21,Alberta,51400,6.9,No,No,No,Yes,no,No,Difficult,yes,Difficult,Stressed
2017-0620,2017,18,Ontario,93400,10.5,Y,N,No,no,No,no,Somewhat difficult,No,Difficult,Stressed
2017-0621,2017,51,Quebec,"151,800",NA,Yes,No,N,No,No,No,Very manageable,No,Manageable,Comfortable
2017-0622,2017,28,Ontario,88K,0.0,No,Y,No,No,No,No,Manageable,No,Somewhat difficult,Coping
2017-0623,2017,35,Ontario,"$41,800",23.3,N,No,No,N,No,Yes,Manageable,N,Difficult,Comfortable
2017-0624,2017,23,New Brunswick,74200,17.9,No,No,No,No,no,Yes,Neither,No,Manageable,Coping
2017-0625,2017,23,Nova Scotia,85000,25.1,No,No,No,N,Yes,No,Manageable,Yes,Somewhat manageable,Comfortable
2017-0626,2017,38,British Columbia,103800,13.4,Yes,N,No,no,No,No,Difficult,N,Somewhat difficult,Coping
2017-0627,2017,31,Ontario,"95,000",30.0,No,No,No,N,Yes,No,Very manageable,No,Very difficult,Comfortable
2017-0628,2017,45,British Columbia,"103,400",9.6,No,N,No,No,No,Yes,Neither,Yes,Very difficult,Stressed
2017-0629,2017,45,Ontario,90300,16.6,No,No,No,No,No,Yes,Neither,Yes,Manageable,Coping
2017-0630,2017,44,Ontario,"$72,700",29.3,N,N,Yes,No,No,No,Somewhat manageable,N,Somewhat manageable,Comfortable
2017-0631,2017,43,Ontario,NA,24.5,no,Y,N,N,No,No,Manageable,No,Somewhat difficult,Comfortable
2017-0632,2017,59,Other,123700,15.7,No,No,N,No,No,Yes,Neither,No,Somewhat manageable,Comfortable
2017-0633,2017,27,british columbia,71100,NA,No,No,No,No,No,Yes,Neither,Yes,Difficult,Stressed
2017-0634,2017,39,QC,"$100,200",NA,Yes,No,No,No,N,no,Somewhat manageable,N,Difficult,Coping
2017-0635,2017,54,Ontario,"65,900",11.8,N,No,N,No,No,Yes,Difficult,Yes,Difficult,Stressed
2017-0636,2017,55,Ontario,126900,6.2,Yes,No,no,No,No,No,Somewhat difficult,N,Somewhat difficult,Stressed
2017-0637,2017,23,Ontario,"$121,100",18.8,Yes,No,No,No,No,No,Very manageable,No,Somewhat difficult,Coping
2017-0638,2017,36,Ontario,"$81,400",14.9,No,No,no,No,No,Yes,Somewhat difficult,N,Neither,Coping
2017-0639,2017,56,Yukon,"$107,200",30.0,No,No,Yes,No,No,no,Manageable,No,Somewhat manageable,Comfortable
2017-0640,2017,46,New Brunswick,103300,NA,No,N,No,Yes,No,No,Manageable,No,Somewhat manageable,Comfortable
2017-0641,2017,42,Ontario,149000,16.8,No,No,No,N,No,Yes,Somewhat difficult,Yes,Difficult,Coping
2017-0642,2017,37,Ontario,"$49,800",25.5,No,no,N,No,No,yes,Manageable,No,Difficult,Comfortable
2017-0643,2017,35,Nova Scotia,83600,NA,Y,No,No,N,N,N,Somewhat difficult,No,Very difficult,Stressed
2017-0644,2017,43,Quebec,"$65,500",0.0,No,No,No,No,Yes,No,Difficult,No,Somewhat difficult,Stressed
2017-0645,2017,37,Manitoba,"$64,100",11.2,No,no,No,No,No,Yes,Somewhat difficult,No,Somewhat manageable,Coping
2017-0646,2017,39,Ontario,"$82,000",27.9,No,No,No,N,Yes,N,Very manageable,No,Somewhat difficult,Comfortable
2017-0647,2017,41,Alberta,"$126,900",15.7,NA,NA,NA,NA,NA,NA,Difficult,No,Somewhat manageable,Stressed
2017-0648,2017,32,British Columbia,127000,15.4,No,No,No,No,No,Yes,Somewhat manageable,Yes,Somewhat manageable,Coping
2017-0649,2017,46,Ontario,107K,12.2,Yes,No,no,N,No,No,Somewhat manageable,No,Very difficult,Coping
2017-0650,2017,65,Manitoba,"$111,200",11.8,Yes,No,N,No,No,No,Neither,yes,Very difficult,Stressed
2017-0651,2017,19,Manitoba,128300,19.2,No,No,No,No,No,Yes,Somewhat manageable,No,NA,Coping
2017-0652,2017,44,BC,78200,19.5,NA,NA,NA,NA,NA,NA,Very manageable,NA,Difficult,Comfortable
2017-0653,2017,31,Ontario,54400,16.0,Yes,N,No,No,No,N,Somewhat manageable,No,Neither,Coping
2017-0654,2017,47,Ontario,"$42,300",13.9,Yes,N,No,No,No,No,Somewhat difficult,No,Very difficult,Stressed
2017-0655,2017,41,Quebec,"$128,400",30.0,No,N,N,No,No,Yes,Manageable,No,Very manageable,Comfortable
2017-0656,2017,49,Alberta,127500,18.5,Yes,No,N,No,no,No,Neither,No,Neither,Coping
2017-0657,2017,54,Ontario,"178,500",22.3,Yes,No,No,No,No,No,Manageable,Y,Manageable,Comfortable
2017-0658,2017,42,Ontario,"46,300",7.7,No,No,No,No,No,Yes,Difficult,No,Somewhat manageable,Stressed
2017-0659,2017,54,Ontario,149700,17.3,No,No,No,No,No,Yes,Neither,No,Neither,Coping
2017-0660,2017,18,Nova Scotia,54100,13.3,No,No,No,No,No,Yes,Neither,No,Very manageable,Coping
2017-0661,2017,59,Manitoba,138K,8.9,No,No,No,Yes,no,no,Very difficult,Yes,Very manageable,Stressed
2017-0662,2017,45,Ontario,"43,100",14.6,No,No,Yes,No,No,No,Somewhat manageable,No,Somewhat manageable,Comfortable
2017-0663,2017,53,Ontario,148500,14.5,No,No,No,No,N,Yes,Neither,N,Difficult,Stressed
2017-0664,2017,25,Ontario,"$86,100",2.3,NA,NA,NA,NA,NA,NA,NA,Yes,Somewhat difficult,Stressed
2017-0665,2017,30,Ontario,68800,11.4,No,No,Y,N,No,No,Manageable,No,Somewhat difficult,Coping
2017-0666,2017,42,Ontario,107K,14.6,No,no,No,No,no,Yes,Somewhat manageable,N,Neither,Coping
2017-0667,2017,40,Ontario,62000,30.0,no,No,No,No,No,Yes,Very manageable,No,Somewhat manageable,Comfortable
2017-0668,2017,43,British Columbia,72100,19.0,No,No,No,No,No,Y,Very manageable,No,Somewhat manageable,Comfortable
2017-0669,2017,53,ON,90600,4.7,Yes,No,No,no,No,No,Very difficult,No,Somewhat manageable,Stressed
2017-0670,2017,19,Ontario,30000,10.7,NA,NA,NA,NA,NA,NA,Very manageable,No,Somewhat difficult,Coping
2017-0671,2017,52,alberta,"128,900",16.3,No,No,No,Yes,No,N,Very difficult,no,Somewhat difficult,Stressed
2017-0672,2017,40,Ontario,120700,0.0,no,N,No,No,No,Yes,Somewhat manageable,No,Neither,Coping
2017-0673,2017,38,British Columbia,"$61,000",15.0,No,N,no,No,No,Yes,Very manageable,Y,Manageable,Comfortable
2017-0674,2017,22,Ontario,"$68,400",30.0,No,No,Yes,No,No,No,Neither,No,Somewhat manageable,Coping
2017-0675,2017,46,British Columbia,"86,000",17.5,no,No,No,No,N,Yes,Somewhat manageable,No,Very difficult,Coping
2017-0676,2017,18,Ontario,62K,7.4,no,No,N,No,Y,No,Neither,No,Somewhat manageable,Coping
2017-0677,2017,48,British Columbia,78K,21.7,no,No,No,no,No,Yes,Somewhat difficult,No,Somewhat difficult,Comfortable
2017-0678,2017,22,Ontario,"$31,500",14.4,no,N,No,No,N,yes,Very difficult,No,Somewhat manageable,Coping
2017-0679,2017,41,Saskatchewan,"118,100",12.2,No,No,No,No,No,Yes,Very difficult,No,Neither,Stressed
2017-0680,2017,39,Manitoba,81600,NA,Y,No,No,N,No,No,Difficult,No,Neither,Coping
2017-0681,2017,54,Quebec,"$166,700",9.9,Yes,No,N,No,No,No,Somewhat difficult,No,Neither,Stressed
2017-0682,2017,38,Yukon,83400,5.3,NA,NA,NA,NA,NA,NA,Somewhat difficult,No,Somewhat manageable,Stressed
2017-0683,2017,32,Quebec,45200,11.9,NA,NA,NA,NA,NA,NA,Somewhat difficult,Yes,Somewhat manageable,Stressed
2017-0684,2017,34,Alberta,112800,9.8,NA,NA,NA,NA,NA,NA,Somewhat manageable,no,Neither,Coping
2017-0685,2017,55,Ontario,"126,400",7.8,NA,NA,NA,NA,NA,NA,Very difficult,No,Somewhat manageable,Coping
2017-0686,2017,46,Alberta,115800,3.4,No,No,Yes,no,no,No,Neither,No,Neither,Coping
2017-0687,2017,35,Manitoba,113K,4.6,No,No,No,N,No,Yes,Manageable,N,Manageable,Coping
2017-0688,2017,37,Quebec,"60,900",15.7,No,No,no,no,No,yes,Very manageable,No,Very manageable,Comfortable
2017-0689,2017,21,ON,"$52,700",13.8,Yes,no,No,No,No,No,Manageable,No,Somewhat difficult,Comfortable
2017-0690,2017,45,Ontario,87400,15.9,No,No,No,No,Yes,No,Difficult,No,Somewhat difficult,Coping
2017-0691,2017,19,Manitoba,NA,2.0,No,Yes,No,No,No,No,Neither,Yes,Difficult,Stressed
2017-0692,2017,49,ontario ,"90,600",0.0,No,No,No,Yes,No,No,Very manageable,Yes,Somewhat difficult,Comfortable
2017-0695,2017,27,quebec,"$30,000",17.8,Yes,N,N,No,No,N,Somewhat difficult,No,Manageable,Comfortable
2017-0696,2017,39,British Columbia,NA,23.1,N,No,N,N,no,Yes,NA,no,Difficult,Coping
2017-0697,2017,62,Alberta,"$167,900",10.3,N,No,No,No,Y,No,Very manageable,No,Somewhat difficult,Coping
2017-0698,2017,54,Ontario,"103,300",19.3,no,No,No,No,No,Yes,Somewhat manageable,No,Somewhat manageable,Coping
2017-0699,2017,32,Saskatchewan,"$53,600",13.9,No,N,No,yes,No,N,Neither,no,Neither,Coping
2017-0700,2017,43,British Columbia,"81,300",7.8,NA,NA,NA,NA,NA,NA,Somewhat difficult,yes,Somewhat difficult,Stressed
2017-0701,2017,40,British Columbia,40700,3.8,No,No,Yes,No,No,No,Neither,NA,Somewhat manageable,Stressed
2017-0702,2017,43,Alberta,132200,13.6,No,N,N,N,Yes,No,Neither,No,Very manageable,Coping
2017-0703,2017,32,Ontario,"$61,200",4.2,No,No,Yes,No,N,No,Neither,NA,Neither,Stressed
2017-0704,2017,39,British Columbia,124500,23.2,No,No,No,No,No,Yes,Manageable,No,Difficult,Comfortable
2017-0705,2017,21,ontario ,58000,6.8,N,N,No,N,No,Yes,Difficult,Yes,Difficult,Stressed
2017-0706,2017,42,Yukon,"130,900",8.3,No,No,No,No,No,Yes,Somewhat manageable,yes,Very manageable,Coping
2017-0707,2017,45,Alberta,"100,200",28.9,no,no,Yes,N,No,N,Manageable,Yes,Manageable,Comfortable
2017-0708,2017,37,Ontario,"106,100",25.0,N,No,No,Yes,No,No,Very manageable,N,Manageable,Comfortable
2017-0709,2017,21,Ontario,"$78,100",11.3,No,Yes,N,No,No,No,Somewhat manageable,No,Somewhat manageable,Coping
2017-0710,2017,52,Ontario,121700,14.9,Yes,No,No,N,No,No,Neither,No,Somewhat difficult,Coping
2017-0711,2017,44,British Columbia,101400,21.4,No,No,No,No,No,Yes,Manageable,N,Somewhat manageable,Comfortable
2017-0712,2017,31,Manitoba,64500,8.8,No,No,No,No,Yes,No,Somewhat manageable,N,Manageable,Coping
2017-0713,2017,37,Alberta,138000,22.5,No,No,N,No,No,Yes,Manageable,No,Very manageable,Comfortable
2017-0714,2017,22,Ontario,"30,800",NA,Y,No,N,No,No,No,Very manageable,No,Neither,Comfortable
2017-0715,2017,28,Ontario,67100,15.4,NA,NA,NA,NA,NA,NA,Manageable,No,Manageable,Comfortable
2017-0716,2017,34,Alberta,76400,0.0,NA,NA,NA,NA,NA,NA,Somewhat difficult,Yes,Difficult,Stressed
2017-0717,2017,55,Manitoba,120K,11.8,No,No,Yes,No,No,No,Somewhat manageable,No,Very manageable,Coping
2017-0718,2017,32,Quebec,60100,10.8,No,No,No,no,No,Yes,Very difficult,Yes,Difficult,Stressed
2017-0719,2017,48,AB,106400,9.8,N,No,Yes,No,No,No,Somewhat manageable,No,Somewhat manageable,Coping
2017-0720,2017,34,British Columbia,"70,900",30.0,No,N,No,No,No,Yes,Manageable,No,Neither,Comfortable
2017-0721,2017,43,Ontario,NA,NA,No,No,No,No,N,Yes,Neither,No,Somewhat manageable,Coping
2017-0722,2017,38,BC,"$82,300",21.8,NA,NA,NA,NA,NA,NA,Somewhat manageable,No,Somewhat manageable,Coping
2017-0723,2017,50,British Columbia,"$67,000",12.0,N,No,No,No,No,Yes,Neither,No,Somewhat difficult,Stressed
2017-0724,2017,34,Nova Scotia,30000,30.0,N,No,No,Yes,No,No,NA,No,Very manageable,Comfortable
2017-0725,2017,21,AB,60600,4.1,No,no,N,No,No,Y,Somewhat difficult,No,Manageable,Stressed
2017-0726,2017,23,Ontario,74100,0.0,No,No,N,No,No,Yes,Difficult,No,Somewhat manageable,Stressed
2017-0727,2017,34,Ontario,"91,800",5.8,N,Yes,No,No,N,No,Neither,Yes,Somewhat difficult,Stressed
2017-0728,2017,25,Ontario,"$79,500",10.8,NA,NA,NA,NA,NA,NA,Somewhat difficult,N,Neither,Stressed
2017-0729,2017,45,Alberta,"34,500",14.9,No,No,No,no,No,yes,Somewhat manageable,No,Neither,Coping
2017-0730,2017,34,Ontario,"$35,200",15.7,No,No,No,No,Y,No,Somewhat manageable,NA,Somewhat manageable,Coping
2017-0731,2017,65,Alberta,181700,21.9,no,No,Yes,No,N,No,Manageable,Yes,Neither,Coping
2017-0732,2017,19,Ontario,"$30,000",9.9,No,No,No,No,N,Yes,Difficult,No,Neither,Stressed
2017-0733,2017,42,Manitoba,106300,12.0,No,N,No,No,No,Yes,Somewhat difficult,No,Difficult,Stressed
2017-0734,2017,26,Ontario,43400,8.4,No,No,Y,N,No,No,Somewhat difficult,No,Neither,Coping
2017-0735,2017,34,British Columbia,"78,400",2.5,No,No,No,Yes,No,No,Somewhat difficult,Yes,NA,Stressed
2017-0736,2017,42,Alberta,69000,23.7,No,N,No,No,Yes,No,Somewhat manageable,No,Somewhat difficult,Coping
2017-0737,2017,18,ontario ,68800,8.5,No,N,N,No,N,Yes,Somewhat difficult,N,Difficult,Stressed
2017-0738,2017,43,AB,93600,10.3,No,No,No,No,Y,N,Neither,No,Somewhat difficult,Coping
2017-0739,2017,63,British Columbia,"106,100",10.3,No,No,Yes,No,No,No,Manageable,Yes,NA,Coping
2017-0740,2017,35,Ontario,46K,10.1,No,No,N,No,No,yes,Manageable,No,Neither,Coping
2017-0741,2017,43,Ontario,"97,500",4.5,No,No,N,No,N,Yes,Somewhat difficult,No,Very difficult,Stressed
2017-0742,2017,52,Alberta,66600,1.6,No,No,N,No,No,yes,Manageable,No,Somewhat manageable,Stressed
2017-0743,2017,38,Quebec,94800,11.5,Y,N,No,N,No,No,Manageable,No,Very manageable,Comfortable
2017-0744,2017,33,Ontario,"$153,300",7.0,No,No,No,No,No,Y,Neither,Y,Manageable,Stressed
2017-0745,2017,18,Quebec,"$92,500",10.4,no,No,No,Yes,N,No,Somewhat difficult,Y,Manageable,Coping
2017-0746,2017,48,Ontario,118600,20.6,Yes,No,No,No,no,No,Neither,No,Very manageable,Coping
2017-0747,2017,39,Ontario,81K,15.8,No,No,no,No,N,Yes,Neither,No,Somewhat manageable,Coping
2017-0748,2017,28,Ontario,30000,15.6,N,No,No,No,No,Yes,Somewhat difficult,No,Very manageable,Coping
2017-0749,2017,42,ON,"$48,300",16.8,No,No,N,Yes,No,No,Manageable,No,Very manageable,Comfortable
2017-0750,2017,33,Quebec,113K,21.2,No,No,No,No,No,Yes,Somewhat manageable,N,Neither,Comfortable
2017-0751,2017,34,Alberta,52300,9.8,No,No,Yes,N,No,No,Somewhat difficult,N,Somewhat manageable,Stressed
2017-0752,2017,47,British Columbia,74500,18.3,No,Yes,No,No,No,No,Somewhat difficult,No,Manageable,Coping
2017-0753,2017,24,Alberta,56000,7.5,No,N,Yes,No,No,No,Difficult,No,Somewhat manageable,Stressed
2017-0755,2017,23,Nova Scotia,NA,14.0,No,no,No,No,No,Yes,NA,no,Neither,Coping
2017-0756,2017,32,Ontario,72K,12.0,No,N,N,N,No,Yes,Somewhat manageable,no,Somewhat difficult,Stressed
2017-0757,2017,63,Ontario,93K,11.1,No,No,No,No,yes,No,Neither,No,Somewhat manageable,Coping
2017-0758,2017,54,Yukon,83800,9.3,Yes,No,no,No,No,No,Somewhat difficult,No,Manageable,Comfortable
2017-0759,2017,41,Alberta,63100,9.3,No,No,Yes,No,No,No,Somewhat difficult,No,Somewhat manageable,Stressed
2017-0760,2017,29,Ontario,"84,200",18.4,No,Y,No,No,No,N,Somewhat manageable,Yes,Manageable,Coping
2017-0761,2017,34,Quebec,69000,17.5,No,N,No,No,No,Yes,NA,No,Somewhat manageable,Coping
2017-0762,2017,41,Alberta,"81,100",10.1,No,No,Yes,No,No,no,Somewhat manageable,Yes,Manageable,Stressed
2017-0763,2017,40,ON,"$102,900",6.3,No,No,No,Yes,no,No,Somewhat difficult,No,Difficult,Stressed
2017-0764,2017,39,British Columbia,"$79,200",4.0,no,No,no,No,No,Y,Neither,Yes,Manageable,Stressed
2017-0765,2017,40,Ontario,"76,700",25.9,N,No,N,no,No,Y,Manageable,No,Difficult,Comfortable
2017-0766,2017,37,Ontario,"$94,600",10.1,No,N,Yes,No,No,N,Somewhat difficult,No,Neither,Stressed
2017-0767,2017,23,British Columbia,"79,500",5.2,No,No,yes,No,No,No,Difficult,Y,Very difficult,Stressed
2017-0768,2017,34,AB,"71,600",NA,No,No,No,N,N,Yes,Manageable,No,Neither,Stressed
2017-0769,2017,51,Alberta,103900,3.6,No,No,yes,No,No,No,Somewhat difficult,No,Somewhat difficult,Stressed
2017-0770,2017,24,alberta,38K,10.5,Yes,No,No,No,No,No,Somewhat difficult,No,Difficult,Coping
2017-0771,2017,38,Ontario,"$56,200",16.2,No,N,N,No,No,Yes,Very difficult,Yes,Neither,Stressed
2017-0772,2017,30,British Columbia,"$93,100",19.2,N,No,No,Yes,No,No,NA,No,Somewhat manageable,Coping
2017-0773,2017,41,British Columbia,"99,800",11.9,No,N,No,Yes,No,No,Very manageable,No,Somewhat difficult,Coping
2017-0774,2017,35,Ontario,"$91,200",24.0,NA,NA,NA,NA,NA,NA,Very manageable,no,Manageable,Comfortable
2017-0775,2017,58,Ontario,120400,8.8,no,Yes,No,No,no,No,Neither,No,Difficult,Stressed
2017-0776,2017,46,Ontario,"$95,400",2.8,NA,NA,NA,NA,NA,NA,Very manageable,No,Somewhat difficult,Comfortable
2017-0777,2017,24,Quebec,"81,900",8.6,No,No,Y,N,No,N,Somewhat manageable,Yes,Difficult,Coping
2017-0778,2017,48,Manitoba,125100,7.7,No,No,No,No,Y,No,Difficult,no,Neither,Stressed
2017-0779,2017,31,Ontario,98800,19.5,No,No,No,Yes,No,No,Manageable,Yes,Manageable,Comfortable
2017-0780,2017,33,Alberta,71500,23.7,No,No,No,No,No,Yes,Somewhat difficult,No,Manageable,Comfortable
2017-0781,2017,44,Ontario,"$132,600",13.6,NA,NA,NA,NA,NA,NA,Difficult,No,Somewhat manageable,Stressed
2017-0782,2017,34,Yukon,82900,19.7,No,Yes,No,No,No,No,Manageable,No,Manageable,Comfortable
2017-0783,2017,51,Ontario,120500,7.7,Yes,No,No,No,No,N,Somewhat difficult,Yes,Manageable,Coping
2017-0784,2017,31,Ontario,80000,15.9,NA,NA,NA,NA,NA,NA,Very manageable,No,Very manageable,Coping
2017-0785,2017,33,ON,NA,19.7,NA,NA,NA,NA,NA,NA,Very manageable,No,Somewhat manageable,Comfortable
2017-0786,2017,32,British Columbia,50900,13.1,No,No,No,No,No,Y,Neither,NA,Difficult,Coping
2017-0787,2017,33,Ontario,95500,20.0,Y,No,No,No,No,No,Very manageable,no,Somewhat difficult,Comfortable
2017-0788,2017,53,ON,189900,27.5,Yes,No,No,No,No,No,Neither,No,Somewhat manageable,Coping
2017-0789,2017,48,Yukon,"$85,800",6.3,NA,NA,NA,NA,NA,NA,Neither,No,Manageable,Comfortable
2017-0790,2017,61,Ontario,119K,11.7,no,No,No,No,No,Yes,Neither,N,Somewhat difficult,Coping
2017-0791,2017,65,Alberta,109K,8.0,N,No,No,Yes,N,N,Difficult,Y,Manageable,Stressed
2017-0792,2017,28,Ontario,NA,9.3,N,No,No,Yes,No,No,Neither,NA,Very manageable,Coping
2017-0793,2017,41,Alberta,"$132,800",19.4,No,No,No,No,Yes,No,Somewhat difficult,No,Somewhat difficult,Coping
2017-0794,2017,26,British Columbia,"$43,800",12.1,No,No,Yes,no,No,N,Difficult,No,Difficult,Stressed
2017-0795,2017,31,British Columbia,"$57,300",7.8,No,No,no,no,Yes,No,Difficult,No,Difficult,Stressed
2017-0796,2017,32,Ontario,30000,12.4,yes,No,No,No,No,No,Very manageable,Yes,Neither,Coping
2017-0797,2017,27,Alberta,42800,7.4,No,No,No,No,Yes,No,Very difficult,Yes,Somewhat manageable,Stressed
2017-0798,2017,27,Alberta,"$30,000",7.5,No,N,No,No,No,Yes,Difficult,No,Neither,Stressed
2017-0799,2017,38,Alberta,101000,13.5,No,No,No,No,No,Yes,Somewhat manageable,N,Difficult,Coping
2017-0800,2017,25,Quebec,146500,12.9,No,No,Yes,no,No,no,Neither,N,NA,Coping
2017-0801,2017,50,Ontario,"$89,000",15.5,No,N,No,No,N,Yes,Somewhat manageable,Yes,Difficult,Coping
2017-0802,2017,29,Alberta,30000,18.5,N,N,No,no,No,Yes,Difficult,Y,Neither,Coping
2017-0803,2017,65,Alberta,"$149,500",13.4,Yes,No,No,No,No,No,Manageable,No,Somewhat manageable,Comfortable
2017-0804,2017,35,Ontario,"$55,700",7.7,No,Yes,No,No,no,No,Somewhat manageable,No,Somewhat manageable,Coping
2017-0805,2017,41,British Columbia,NA,0.0,No,N,No,No,Yes,N,Neither,Yes,Somewhat difficult,Stressed
2017-0806,2017,24,Ontario,52500,12.3,N,No,Yes,N,No,N,Somewhat difficult,Yes,Somewhat manageable,Stressed
2017-0807,2017,60,New Brunswick,96000,15.5,Yes,no,No,No,No,No,Neither,No,Very difficult,Coping
2017-0808,2017,53,Quebec,"$99,200",10.5,Yes,N,No,No,no,No,Somewhat difficult,Yes,Somewhat manageable,Stressed
2017-0809,2017,44,British Columbia,113700,5.4,No,Yes,No,No,No,no,Somewhat difficult,No,Very difficult,Coping
2017-0810,2017,24,ontario ,"$54,200",30.0,No,No,No,Yes,No,No,Manageable,Yes,Neither,Comfortable
2017-0811,2017,43,Alberta,"74,600",5.0,No,N,No,No,Yes,No,Very difficult,No,NA,Stressed
2017-0812,2017,27,Saskatchewan,60K,8.8,no,Yes,N,No,no,No,Difficult,No,Neither,Stressed
2017-0813,2017,58,Saskatchewan,73800,28.0,No,No,No,No,Y,No,NA,No,Somewhat difficult,Comfortable
2017-0814,2017,50,Ontario,"111,900",8.1,Yes,No,No,No,No,No,Somewhat difficult,N,Neither,Coping
2017-0815,2017,41,Nova Scotia,"$32,900",5.3,No,No,yes,N,No,No,Very difficult,yes,Neither,Stressed
2017-0816,2017,18,British Columbia,38700,23.3,No,Yes,No,No,No,No,Very manageable,yes,Very manageable,Comfortable
2017-0817,2017,28,Ontario,"$89,800",30.0,No,No,No,No,No,Yes,Manageable,No,NA,Comfortable
2017-0818,2017,48,ON,"$106,100",15.8,NA,NA,NA,NA,NA,NA,Manageable,no,Very difficult,Coping
2017-0819,2017,55,British Columbia,125200,23.6,No,No,Yes,No,N,no,Very manageable,Yes,NA,Coping
2017-0820,2017,53,Nova Scotia,102500,14.0,Yes,N,No,No,No,N,Manageable,N,Difficult,Stressed
2017-0821,2017,21,Nova Scotia,"$91,600",9.8,No,No,Yes,No,N,No,Somewhat difficult,Yes,Very difficult,Stressed
2017-0822,2017,44,Ontario,118700,NA,no,Yes,No,No,No,No,Neither,Yes,Somewhat manageable,Coping
2017-0823,2017,52,Ontario,"$116,400",NA,No,No,No,No,No,Yes,Somewhat difficult,No,Somewhat manageable,Stressed
2017-0824,2017,20,Ontario,82800,5.0,Yes,no,No,no,No,No,Somewhat manageable,No,Very difficult,Coping
2017-0825,2017,40,Ontario,"$107,500",30.0,NA,NA,NA,NA,NA,NA,NA,no,Manageable,Comfortable
2017-0826,2017,43,British Columbia,76300,9.0,N,No,No,No,Yes,no,Difficult,No,Neither,Stressed
2017-0827,2017,36,Manitoba,38700,0.0,N,No,No,Yes,No,No,Difficult,Yes,Somewhat manageable,Coping
2017-0828,2017,18,Alberta,65K,6.3,N,No,No,No,No,Yes,Difficult,Yes,Difficult,Stressed
2017-0829,2017,36,Ontario,95400,26.6,Yes,No,No,No,No,no,Somewhat manageable,No,Somewhat manageable,Comfortable
2017-0830,2017,36,New Brunswick,"111,700",6.8,no,N,No,No,N,Y,Difficult,No,NA,Stressed
2017-0831,2017,38,New Brunswick,"$53,900",18.3,Yes,N,No,No,No,No,Very manageable,No,Somewhat difficult,Coping
2017-0832,2017,33,British Columbia,47300,8.9,No,No,N,No,No,Yes,Very difficult,Y,Somewhat difficult,Coping
2017-0833,2017,35,British Columbia,"$91,300",6.2,No,No,No,Yes,No,No,Somewhat manageable,No,Somewhat difficult,Coping
2017-0834,2017,40,Ontario,"82,900",13.6,Yes,No,No,No,N,No,Very manageable,No,Somewhat difficult,Coping
2017-0835,2017,45,British Columbia,35900,14.2,N,No,No,No,No,yes,Neither,no,Somewhat difficult,Coping
2017-0836,2017,36,Alberta,"90,300",11.9,Yes,N,N,No,No,No,Somewhat manageable,No,Manageable,Coping
2017-0837,2017,35,Ontario,30000,30.0,No,Y,no,No,No,No,Very manageable,no,Manageable,Comfortable
2017-0838,2017,41,Manitoba,"58,100",16.0,No,No,N,no,no,Y,Manageable,No,Somewhat manageable,Comfortable
2017-0839,2017,18,Manitoba,92600,15.9,No,No,No,Y,No,No,Neither,No,Very manageable,Coping
2017-0840,2017,46,New Brunswick,148700,14.4,No,No,No,N,no,Yes,Manageable,Yes,Somewhat difficult,Coping
2017-0841,2017,40,Ontario,"$48,500",0.2,N,no,No,No,Yes,No,Neither,No,Somewhat difficult,Stressed
2017-0842,2017,40,BC,"75,100",12.8,no,No,No,no,Yes,No,Very manageable,No,Very manageable,Comfortable
2017-0843,2017,52,Ontario,"104,300",14.1,yes,No,no,N,No,N,Very manageable,no,Neither,Coping
2017-0844,2017,18,Saskatchewan,"$105,400",25.9,No,Yes,No,No,N,no,Neither,N,Somewhat difficult,Coping
2017-0845,2017,18,Ontario,NA,10.9,NA,NA,NA,NA,NA,NA,Neither,No,Somewhat difficult,Stressed
2017-0846,2017,43,New Brunswick,"$75,200",NA,yes,No,No,No,N,No,Manageable,Yes,Somewhat manageable,Comfortable
2017-0847,2017,40,Ontario,131500,0.0,no,N,No,Yes,No,No,Somewhat manageable,No,Somewhat manageable,Coping
2017-0848,2017,42,Nova Scotia,76800,18.4,N,no,Yes,No,No,No,Somewhat manageable,No,Neither,Coping
2017-0849,2017,34,Manitoba,NA,7.5,No,No,Yes,No,No,No,Neither,No,Somewhat difficult,Stressed
2017-0850,2017,48,Ontario,52700,30.0,No,no,No,No,Yes,No,Very manageable,N,Neither,Comfortable
2017-0851,2017,51,British Columbia,"96,400",3.6,No,No,N,No,No,Yes,Difficult,N,Somewhat difficult,Stressed
2017-0852,2017,46,Alberta,"$44,200",9.8,No,No,No,no,No,Yes,Neither,Yes,Difficult,Stressed
2017-0853,2017,37,New Brunswick,"48,800",27.9,no,No,No,no,no,Yes,Somewhat manageable,no,Very manageable,Comfortable
2017-0854,2017,18,Alberta,77K,18.9,N,No,yes,No,No,N,Manageable,No,Manageable,Comfortable
2017-0855,2017,49,Manitoba,97000,5.9,N,No,no,Yes,No,No,Neither,No,Somewhat difficult,Stressed
2017-0856,2017,55,Ontario,97900,NA,Yes,No,No,No,No,No,Manageable,No,Somewhat manageable,Coping
2017-0857,2017,48,Quebec,74500,17.3,No,No,N,No,N,Yes,Neither,No,Very difficult,Coping
2017-0858,2017,29,alberta,"61,900",21.9,No,No,Yes,No,No,No,NA,No,Somewhat manageable,Comfortable
2017-0859,2017,48,Ontario,106K,19.8,N,N,No,No,Yes,No,Neither,N,Neither,Coping
2017-0861,2017,59,Alberta,34700,6.0,N,No,No,No,N,Y,Neither,Yes,Somewhat manageable,Coping
2017-0862,2017,29,british columbia,44K,25.9,No,No,N,No,No,Yes,Very manageable,No,Very manageable,Coping
2017-0863,2017,37,alberta,85300,17.8,No,No,No,no,No,yes,Manageable,yes,Somewhat manageable,Comfortable
2017-0864,2017,49,British Columbia,"$95,500",10.6,Yes,no,No,No,No,No,Very manageable,No,Neither,Coping
2017-0865,2017,41,British Columbia,"$98,600",7.7,NA,NA,NA,NA,NA,NA,Difficult,Yes,Neither,Stressed
2017-0866,2017,27,Manitoba,"$73,500",22.5,No,No,Yes,N,No,No,Very manageable,No,Neither,Comfortable
2017-0867,2017,45,Ontario,"83,400",19.3,No,No,yes,No,no,no,Manageable,yes,Somewhat difficult,Comfortable
2017-0868,2017,47,Alberta,"79,700",21.9,No,No,yes,No,No,N,Very manageable,No,Very manageable,Comfortable
2017-0869,2017,41,Alberta,"79,100",7.8,No,No,Yes,No,No,No,Somewhat difficult,No,Somewhat manageable,Stressed
2017-0870,2017,43,Alberta,124000,8.9,No,No,No,N,Yes,No,Neither,No,Manageable,Stressed
2017-0871,2017,37,Ontario,58500,0.0,no,No,Y,No,No,No,Very manageable,Yes,Somewhat difficult,Coping
2017-0872,2017,58,british columbia,110K,17.4,No,No,Yes,N,no,N,Somewhat difficult,Y,Very difficult,Stressed
2017-0873,2017,29,Ontario,"74,000",21.0,No,No,No,No,No,Yes,Somewhat difficult,No,Somewhat manageable,Comfortable
2017-0874,2017,33,British Columbia,"121,300",17.5,N,No,No,No,No,Yes,Neither,No,Very manageable,Coping
2017-0875,2017,40,Alberta,"76,000",5.7,No,No,No,No,N,Yes,NA,Yes,Difficult,Coping
2017-0876,2017,51,Saskatchewan,"$130,300",18.7,No,No,N,yes,No,No,Manageable,No,Somewhat difficult,Comfortable
2017-0877,2017,22,Alberta,95000,10.0,N,Yes,No,No,No,No,Somewhat manageable,no,Difficult,Coping
2017-0878,2017,24,Alberta,"59,100",22.8,No,No,N,No,No,Yes,Somewhat manageable,no,Somewhat manageable,Coping
2017-0879,2017,18,Alberta,"$45,700",10.5,Yes,No,no,No,No,No,Neither,N,Manageable,Coping
2017-0880,2017,40,Saskatchewan,75K,18.5,no,No,Yes,No,No,N,Manageable,No,Somewhat manageable,Coping
2017-0881,2017,27,Ontario,57800,10.1,Yes,No,N,no,N,No,Somewhat manageable,No,Difficult,Coping
2017-0882,2017,35,Ontario,103100,11.3,No,No,No,No,No,Yes,Somewhat manageable,No,Somewhat manageable,Coping
2017-0883,2017,48,Yukon,"103,900",20.3,No,No,Yes,No,No,No,Very manageable,No,Somewhat manageable,Comfortable
2017-0884,2017,32,Alberta,80100,21.7,No,no,No,N,No,Yes,Manageable,No,Somewhat difficult,Coping
2017-0885,2017,43,Saskatchewan,"55,700",0.0,No,N,Yes,No,No,no,Somewhat difficult,N,Difficult,Stressed
2017-0886,2017,36,British Columbia,"50,000",6.1,No,No,No,Yes,No,No,Very manageable,No,Neither,Coping
2017-0887,2017,48,Ontario,"$161,300",2.3,No,No,No,Yes,No,No,Somewhat difficult,N,Somewhat difficult,Coping
2017-0888,2017,46,New Brunswick,88700,2.6,Yes,No,no,No,No,No,Somewhat difficult,Yes,Very manageable,Stressed
2017-0889,2017,32,Manitoba,"49,800",3.9,No,No,No,Yes,No,No,Neither,No,Somewhat difficult,Stressed
2017-0890,2017,38,Quebec,"124,900",4.3,No,No,N,no,Yes,no,Neither,no,Neither,Coping
2017-0891,2017,53,Alberta,113000,9.6,No,No,Yes,No,no,No,Neither,N,Somewhat manageable,Coping
2017-0892,2017,45,Yukon,"109,800",7.9,Yes,No,No,No,No,No,Manageable,no,Manageable,Comfortable
2017-0893,2017,23,Manitoba,"$55,400",2.9,No,No,No,No,No,Yes,Somewhat difficult,Yes,Very difficult,Stressed
2017-0894,2017,48,Ontario,"$87,400",14.0,No,No,Y,No,No,N,Somewhat manageable,No,Neither,Stressed
2017-0895,2017,27,Saskatchewan,"60,400",24.8,NA,NA,NA,NA,NA,NA,Manageable,Yes,Neither,Comfortable
2017-0896,2017,57,Alberta,69000,23.3,Yes,N,No,No,No,No,Somewhat manageable,N,Somewhat manageable,Comfortable
2017-0897,2017,52,Quebec,100400,3.0,N,No,Yes,N,N,N,Somewhat difficult,No,Neither,Stressed
2017-0898,2017,43,Ontario,"$98,400",0.3,N,No,Yes,No,No,No,Somewhat difficult,N,Neither,Stressed
2017-0899,2017,42,Ontario,"$143,500",2.3,No,no,No,No,No,Yes,Very difficult,Yes,Somewhat difficult,Stressed
2017-0900,2017,37,Alberta,83100,13.7,N,No,Yes,No,N,N,Somewhat manageable,No,Somewhat difficult,Coping
2017-0901,2017,48,Ontario,30000,19.2,N,No,No,No,No,Y,Somewhat manageable,N,Neither,Coping
2017-0902,2017,36,Ontario,76200,12.5,no,N,Y,No,No,No,Difficult,N,Somewhat difficult,Stressed
2017-0903,2017,43,Nova Scotia,171700,11.2,No,No,No,No,Yes,No,Somewhat difficult,Yes,Manageable,Stressed
2017-0904,2017,50,Alberta,126000,9.6,No,No,No,No,No,Yes,Somewhat manageable,yes,NA,Coping
2017-0905,2017,33,British Columbia,"$50,200",22.2,No,No,Y,No,N,No,Very manageable,NA,Very manageable,Comfortable
2017-0906,2017,33,Ontario,"$92,200",12.1,yes,No,No,No,No,No,Neither,Yes,Neither,Coping
2017-0907,2017,26,Alberta,42K,12.8,No,no,no,No,Yes,No,Somewhat difficult,no,Manageable,Coping
2017-0908,2017,27,Ontario,30000,18.2,NA,NA,NA,NA,NA,NA,Manageable,Y,Very difficult,Stressed
2017-0909,2017,18,Yukon,41500,0.0,NA,NA,NA,NA,NA,NA,Somewhat difficult,No,Difficult,Stressed
2017-0910,2017,49,Alberta,101200,6.8,no,Yes,No,No,No,No,Very difficult,no,Very difficult,Stressed
2017-0911,2017,62,AB,"$61,800",30.0,No,N,No,No,Yes,No,Very manageable,No,Difficult,Comfortable
2017-0912,2017,57,Ontario,"$76,000",11.7,No,Yes,N,No,No,No,Somewhat manageable,No,Very manageable,Comfortable
2017-0913,2017,20,Alberta,"55,300",17.5,No,Yes,No,No,N,No,Very manageable,No,Manageable,Comfortable
2017-0914,2017,49,Ontario,"$86,300",NA,No,no,No,No,No,Yes,Very manageable,no,Manageable,Comfortable
2017-0915,2017,57,Ontario,"$122,300",20.4,no,No,Yes,No,No,No,Very manageable,No,Manageable,Comfortable
2017-0916,2017,35,Ontario,"41,100",10.8,No,No,no,No,yes,N,Very manageable,no,Manageable,Comfortable
2017-0917,2017,41,Manitoba,108K,11.0,No,No,No,No,N,Yes,Difficult,No,Neither,Stressed
2017-0918,2017,18,Ontario,30000,11.3,No,No,Yes,No,No,No,Neither,No,Somewhat manageable,Stressed
2017-0919,2017,43,Ontario,"138,800",NA,no,No,no,No,No,Yes,Neither,No,Somewhat manageable,Coping
2017-0920,2017,27,BC,30000,8.8,No,No,Yes,No,no,No,Somewhat manageable,Yes,Somewhat manageable,Coping
2017-0921,2017,42,Ontario,"$55,200",8.4,Yes,No,No,No,No,No,Somewhat difficult,No,Difficult,Stressed
2017-0922,2017,21,QC,69000,15.7,NA,NA,NA,NA,NA,NA,Somewhat difficult,No,Very manageable,Comfortable
2017-0923,2017,47,ON,145400,12.0,NA,NA,NA,NA,NA,NA,Very difficult,No,Very difficult,Coping
2017-0924,2017,52,Ontario,"$112,500",26.9,No,N,Yes,No,No,No,Difficult,No,Neither,Coping
2017-0925,2017,31,British Columbia,"88,400",8.5,Yes,No,no,No,No,No,Difficult,N,Manageable,Stressed
2017-0926,2017,26,AB,64500,2.1,No,N,No,No,no,Yes,Difficult,No,Difficult,Stressed
2017-0927,2017,18,british columbia,"30,000",8.9,NA,NA,NA,NA,NA,NA,Somewhat manageable,Yes,Difficult,Stressed
2017-0928,2017,37,Alberta,65800,12.5,No,No,No,No,No,yes,Manageable,No,Somewhat manageable,Comfortable
2017-0929,2017,33,Yukon,38100,6.8,No,No,No,No,Y,No,Manageable,Yes,Neither,Coping
2017-0930,2017,21,British Columbia,NA,7.8,No,No,Yes,No,No,N,Manageable,No,Very manageable,Coping
2017-0931,2017,45,Ontario,"$104,600",5.8,No,no,N,No,Yes,No,Neither,Yes,Somewhat manageable,Stressed
2017-0932,2017,35,Alberta,"$43,800",19.6,No,no,No,no,No,Yes,Neither,No,NA,Coping
2017-0933,2017,27,British Columbia,"$75,100",17.5,No,N,no,No,No,Yes,Manageable,Yes,Very manageable,Coping
2017-0934,2017,33,New Brunswick,"$35,400",25.7,N,No,N,No,No,Yes,Very manageable,No,Manageable,Comfortable
2017-0935,2017,53,British Columbia,113400,14.3,N,No,Yes,N,No,No,Very manageable,No,Very manageable,Comfortable
2017-0936,2017,47,Ontario,"$80,800",5.3,No,Yes,no,No,No,No,Somewhat manageable,No,Difficult,Stressed
2017-0937,2017,38,Saskatchewan,"124,200",23.9,No,No,No,no,Y,No,Manageable,NA,Somewhat manageable,Comfortable
2017-0938,2017,47,quebec,105200,4.9,No,Yes,N,No,No,No,Somewhat difficult,Y,Very difficult,Stressed
2017-0939,2017,26,alberta,101100,20.1,Yes,No,No,No,No,No,Very manageable,No,Very difficult,Comfortable
2017-0940,2017,40,ON,"$62,300",10.2,No,No,N,Yes,N,No,Somewhat difficult,No,Neither,Stressed
2017-0941,2017,42,Alberta,"89,700",6.3,No,N,No,No,N,Yes,Neither,N,Difficult,Stressed
2017-0942,2017,34,Quebec,"46,600",23.6,No,No,No,No,No,Yes,Somewhat difficult,No,Manageable,Comfortable
2017-0943,2017,45,Ontario,"$80,100",16.0,No,No,No,no,No,yes,Very difficult,No,Neither,Stressed
2017-0944,2017,31,British Columbia,63600,13.0,No,N,No,No,No,Yes,Somewhat manageable,No,Very difficult,Coping
2017-0945,2017,46,Alberta,72200,21.1,No,No,No,No,No,Y,Difficult,No,Neither,Coping
2017-0946,2017,47,Alberta,59000,10.8,N,No,No,No,No,Yes,Manageable,N,Neither,Stressed
2017-0947,2017,18,British Columbia,30000,5.2,Yes,No,No,No,No,No,Very difficult,No,Manageable,Coping
2017-0948,2017,54,Quebec,35800,14.3,No,No,No,Yes,No,no,Very manageable,No,Neither,Comfortable
2017-0949,2017,18,Ontario,"$30,000",16.2,No,yes,No,No,No,No,Somewhat manageable,Y,Very manageable,Comfortable
2017-0950,2017,33,Saskatchewan,"93,300",8.9,yes,no,No,No,no,No,Very manageable,Yes,NA,Coping
2017-0951,2017,52,Alberta,55000,13.5,Yes,N,No,No,no,No,Neither,no,Somewhat manageable,Coping
2017-0952,2017,36,Ontario,38000,11.1,No,No,No,no,No,Yes,Very difficult,No,Somewhat difficult,Stressed
2017-0953,2017,22,British Columbia,111700,14.3,N,No,No,No,N,Y,Very difficult,No,NA,Stressed
2017-0954,2017,27,Ontario,"46,400",9.5,NA,NA,NA,NA,NA,NA,NA,No,Somewhat manageable,Stressed
2017-0955,2017,52,British Columbia,113K,18.9,NA,NA,NA,NA,NA,NA,Very manageable,No,Neither,Comfortable
2017-0956,2017,18,British Columbia,71300,7.4,No,N,No,No,No,Yes,Very manageable,No,Very manageable,Comfortable
2017-0957,2017,54,Ontario,NA,22.5,Yes,No,No,no,No,N,Manageable,no,Very manageable,Comfortable
2017-0958,2017,39,Alberta,"$37,800",14.2,N,No,no,No,No,Yes,Neither,no,Neither,Coping
2017-0959,2017,26,Ontario,"$57,100",15.1,No,No,No,No,no,Yes,Somewhat difficult,Yes,Somewhat manageable,Coping
2017-0960,2017,33,Ontario,"$30,000",26.6,No,No,N,No,No,Yes,Somewhat manageable,No,Neither,Coping
2017-0961,2017,28,Alberta,"140,400",21.4,N,Yes,No,No,N,No,Somewhat manageable,NA,Somewhat manageable,Coping
2017-0962,2017,50,quebec,52K,18.7,Yes,No,No,No,No,No,Neither,No,Manageable,Coping
2017-0964,2017,19,Ontario,30000,5.4,NA,NA,NA,NA,NA,NA,Somewhat manageable,No,Very difficult,Stressed
2017-0965,2017,35,Ontario,"$32,600",NA,No,No,Y,No,No,No,NA,NA,Somewhat manageable,Comfortable
2017-0966,2017,30,Ontario,110600,9.3,No,No,No,Yes,No,No,Somewhat difficult,No,Manageable,Coping
2017-0967,2017,56,ontario ,"$181,700",25.5,Yes,No,No,N,No,no,Somewhat manageable,No,Somewhat manageable,Comfortable
2017-0968,2017,24,Quebec,"$46,700",9.8,Yes,N,N,No,no,No,Difficult,No,Manageable,Stressed
2017-0969,2017,59,Ontario,"$73,900",7.5,NA,NA,NA,NA,NA,NA,Somewhat difficult,Yes,Neither,Coping
2017-0970,2017,40,British Columbia,"30,000",14.0,no,No,No,No,No,Yes,Somewhat difficult,NA,Difficult,Stressed
2017-0971,2017,26,Alberta,56700,NA,No,N,No,no,No,Yes,Difficult,no,Manageable,Stressed
2017-0972,2017,32,ontario ,63500,0.0,No,No,Yes,no,No,No,Neither,No,Neither,Stressed
2017-0973,2017,30,Alberta,"$50,500",7.7,No,Yes,No,No,N,No,Somewhat manageable,Yes,Somewhat difficult,Stressed
2017-0974,2017,25,British Columbia,NA,24.0,No,No,N,Yes,No,No,Very manageable,No,Difficult,Comfortable
2017-0975,2017,41,Alberta,98K,19.8,no,No,No,Yes,No,No,Somewhat manageable,Yes,Difficult,Coping
2017-0976,2017,25,Ontario,72200,12.0,Yes,No,No,No,No,N,Somewhat difficult,N,Difficult,Coping
2017-0977,2017,18,AB,"$42,500",19.0,No,N,No,no,No,Yes,NA,N,Neither,Coping
2017-0978,2017,35,Ontario,"44,500",15.1,NA,NA,NA,NA,NA,NA,Somewhat difficult,N,Somewhat manageable,Coping
2017-0979,2017,18,Ontario,"$72,000",6.1,N,No,No,Yes,No,No,Very manageable,no,Somewhat difficult,Coping
2017-0980,2017,31,Ontario,72K,0.9,No,N,Yes,No,No,No,Manageable,Y,Very difficult,Stressed
2017-0981,2017,29,British Columbia,"95,200",29.9,No,No,Yes,No,No,N,Manageable,No,Neither,Comfortable
2017-0982,2017,30,Ontario,93700,30.0,Yes,N,No,No,No,No,Manageable,No,Somewhat manageable,Comfortable
2017-0983,2017,64,Ontario,"$78,300",15.9,Yes,No,N,No,No,No,Somewhat manageable,No,Very manageable,Coping
2017-0984,2017,41,Ontario,"$43,500",23.0,No,No,No,Yes,N,N,Neither,N,Neither,Coping
2017-0985,2017,43,Ontario,66800,13.3,No,No,No,Yes,No,No,Manageable,No,Very difficult,Stressed
2017-0986,2017,19,British Columbia,30000,26.8,No,N,No,No,Yes,No,Somewhat manageable,No,Manageable,Comfortable
2017-0987,2017,32,Saskatchewan,"$95,700",8.5,No,No,No,No,No,Yes,Neither,No,Manageable,Coping
2017-0988,2017,43,Alberta,100K,16.7,N,Yes,No,no,No,N,Somewhat difficult,No,Somewhat manageable,Stressed
2017-0990,2017,51,Ontario,113400,19.3,yes,No,No,No,No,No,Manageable,N,Very manageable,Comfortable
2017-0991,2017,26,British Columbia,"70,300",10.0,No,Yes,No,No,No,no,Manageable,No,Somewhat manageable,Coping
2017-0992,2017,37,Ontario,116500,23.8,N,No,No,no,Yes,No,Neither,No,Very manageable,Comfortable
2017-0993,2017,33,Alberta,"88,600",10.3,No,N,No,No,N,Y,Manageable,No,Difficult,Comfortable
2017-0994,2017,42,Ontario,90K,11.5,No,No,No,No,No,Yes,Somewhat difficult,No,Somewhat manageable,Stressed
2017-0995,2017,32,Ontario,"$117,400",15.3,No,N,N,No,Yes,No,Somewhat manageable,No,Very manageable,Comfortable
2017-0996,2017,37,Alberta,"84,000",16.2,No,No,Yes,No,No,No,Very difficult,Yes,NA,Coping
2017-0997,2017,37,Alberta,"$71,400",10.9,No,Y,no,No,No,No,Neither,No,Neither,Coping
2017-0998,2017,31,ontario ,"$46,400",6.7,N,No,Yes,no,No,No,Very difficult,no,Somewhat manageable,Stressed
2017-0999,2017,46,British Columbia,"$115,100",NA,No,No,yes,N,No,No,Manageable,No,Neither,Comfortable
2017-1000,2017,43,Quebec,126600,7.2,no,No,No,No,No,Y,Neither,Yes,Neither,Stressed
2017-0658,2017,42,Ontario,"46,300",7.7,No,No,No,No,No,Yes,Difficult,No,Somewhat manageable,Stressed
2017-0442,2017,40,Ontario,"84,300",6.6,No,No,Yes,No,No,No,Very difficult,No,Difficult,Stressed
2017-0326,2017,35,Manitoba,NA,6.4,No,No,Y,No,No,No,Somewhat manageable,Yes,Neither,Coping
2017-0144,2017,58,Ontario,"$116,600",11.4,Yes,No,No,no,N,no,Manageable,No,Very manageable,Coping
2017-0640,2017,46,New Brunswick,103300,NA,No,N,No,Yes,No,No,Manageable,No,Somewhat manageable,Comfortable
2017-0112,2017,33,Alberta,61200,12.3,Y,No,No,No,No,No,Somewhat difficult,No,Neither,Stressed
2017-0026,2017,62,Alberta,"$148,800",0.2,No,no,No,no,Yes,no,Difficult,No,Very difficult,Stressed
2017-0152,2017,44,New Brunswick,131K,25.9,Yes,No,No,N,no,N,Very manageable,No,Manageable,Comfortable
2017-0369,2017,62,Ontario,"122,100",15.5,no,No,No,No,Yes,No,Somewhat manageable,Yes,Somewhat manageable,Coping
