respondent_id,year,age,province,income,savings_pct,benefits_preference,paycheque_delay_difficulty,debt_overwhelmed,emergency_fund_likelihood,financial_wellness_cluster
2017-0001,2017,31,Alberta,78300,21.6,More time off,Manageable,No,Somewhat difficult,Comfortable
2017-0002,2017,51,Newfoundland and Labrador,149500,21.8,Educational funding,Somewhat difficult,No,Neither,Coping
2017-0003,2017,40,Manitoba,97700,8.2,Health benefits,Somewhat manageable,No,Somewhat difficult,Comfortable
2017-0004,2017,37,Ontario,102300,13.7,Higher wages,Somewhat difficult,No,Very manageable,Coping
2017-0005,2017,39,British Columbia,118600,7.8,Health benefits,Somewhat manageable,No,Somewhat difficult,Stressed
2017-0006,2017,43,Alberta,54400,16.9,Health benefits,Somewhat difficult,No,Manageable,Comfortable
2017-0007,2017,47,Ontario,118100,30,Higher wages,Difficult,No,Neither,Comfortable
2017-0008,2017,28,Manitoba,58200,21.5,Higher wages,Somewhat manageable,No,Somewhat manageable,Comfortable
2017-0009,2017,28,Ontario,30000,6,NA,Neither,No,Very manageable,Stressed
2017-0010,2017,53,Alberta,40700,14.2,Better retirement funding,Somewhat manageable,No,Neither,Coping
2017-0011,2017,35,Alberta,47000,2,Higher wages,Somewhat manageable,Yes,Very difficult,Coping
2017-0012,2017,23,British Columbia,75400,16.7,Educational funding,Manageable,No,Neither,Comfortable
2017-0013,2017,45,Nova Scotia,95900,19.9,Health benefits,Difficult,Yes,Very manageable,Coping
2017-0014,2017,46,Manitoba,99500,17.6,Work-life balance,Very manageable,No,Very manageable,Comfortable
2017-0015,2017,22,Ontario,116500,9,Educational funding,Somewhat difficult,No,Somewhat difficult,Coping
2017-0016,2017,43,Manitoba,51400,14.5,More time off,Very difficult,No,Neither,Stressed
2017-0017,2017,49,Ontario,97700,22,Higher wages,Somewhat manageable,No,Difficult,Coping
2017-0018,2017,44,Ontario,100100,10.6,Better retirement funding,Very difficult,Yes,Neither,Stressed
2017-0019,2017,48,Alberta,74900,18.8,Work-life balance,Neither,No,Somewhat difficult,Comfortable
2017-0020,2017,23,Ontario,60300,12.6,Higher wages,Manageable,No,Manageable,Coping
2017-0021,2017,44,British Columbia,43000,16.4,Work-life balance,Manageable,No,Very manageable,Comfortable
2017-0022,2017,36,New Brunswick,121300,8,Higher wages,Somewhat difficult,No,Somewhat difficult,Coping
2017-0023,2017,34,Alberta,55600,14.7,Work-life balance,Manageable,No,Somewhat manageable,Comfortable
2017-0024,2017,50,Ontario,160900,17.7,Better retirement funding,Very manageable,No,Somewhat difficult,Comfortable
2017-0025,2017,58,Saskatchewan,111000,14.8,Health benefits,Somewhat difficult,No,Somewhat manageable,Comfortable
2017-0026,2017,62,Alberta,148800,0.2,More time off,Difficult,No,Very difficult,Stressed
2017-0027,2017,56,Ontario,107400,15.3,Educational funding,Somewhat manageable,No,Somewhat difficult,Coping
2017-0028,2017,39,Ontario,82600,9.2,Health benefits,Somewhat difficult,No,Very manageable,Stressed
2017-0029,2017,44,British Columbia,73500,16.5,NA,Manageable,No,Very difficult,Stressed
2017-0030,2017,49,Ontario,102100,10,More time off,Neither,No,Manageable,Coping
2017-0031,2017,41,Ontario,96000,15.8,Work-life balance,Difficult,No,Difficult,Coping
2017-0032,2017,42,Quebec,64500,24.2,More time off,Manageable,No,Somewhat manageable,Comfortable
2017-0033,2017,50,Saskatchewan,96200,12.5,Work-life balance,Somewhat manageable,Yes,Neither,Coping
2017-0034,2017,39,Alberta,65200,18.5,Work-life balance,Somewhat difficult,Yes,Very manageable,Coping
2017-0035,2017,31,Nova Scotia,140500,18.7,More time off,Somewhat manageable,No,Somewhat difficult,Coping
2017-0036,2017,35,Ontario,74800,9.6,Health benefits,Difficult,Yes,Difficult,Stressed
2017-0037,2017,48,Alberta,143400,6.7,Better retirement funding,Neither,No,Neither,Stressed
2017-0038,2017,40,British Columbia,79100,11.9,More time off,Manageable,Yes,Somewhat manageable,Coping
2017-0039,2017,44,Yukon,98800,1.2,Work-life balance,Somewhat difficult,Yes,Neither,Stressed
2017-0040,2017,48,Alberta,57400,9.2,Higher wages,Very manageable,Yes,Very difficult,Coping
2017-0041,2017,36,Nova Scotia,65600,10.3,Educational funding,Very manageable,No,Somewhat difficult,Coping
2017-0042,2017,49,Ontario,104800,14.1,Health benefits,Neither,No,Very manageable,Comfortable
2017-0043,2017,45,British Columbia,140100,16.6,Higher wages,Neither,No,Somewhat manageable,Coping
2017-0044,2017,25,Ontario,69200,21.2,Work-life balance,Somewhat manageable,Yes,Somewhat manageable,Coping
2017-0045,2017,57,Saskatchewan,152000,15.6,Better retirement funding,Neither,No,Neither,Comfortable
2017-0046,2017,34,Ontario,95200,24,More time off,Manageable,No,Neither,Comfortable
2017-0047,2017,20,Alberta,103800,7.8,Work-life balance,Neither,No,Very manageable,Coping
2017-0048,2017,27,Alberta,63700,6.5,Work-life balance,Manageable,No,Neither,Stressed
2017-0049,2017,28,Saskatchewan,138700,9.9,Better retirement funding,Neither,No,Difficult,Coping
2017-0050,2017,41,British Columbia,71900,11,Work-life balance,Neither,No,Manageable,Stressed
2017-0051,2017,37,Ontario,57500,4.6,More time off,Somewhat difficult,No,Neither,Stressed
2017-0052,2017,36,Alberta,42700,13.1,Work-life balance,Difficult,No,Somewhat difficult,Stressed
2017-0053,2017,47,New Brunswick,165400,20.3,Better retirement funding,Very manageable,No,Somewhat manageable,Comfortable
2017-0054,2017,44,Quebec,115600,10.1,Higher wages,Very difficult,No,Somewhat manageable,Coping
2017-0055,2017,44,Ontario,81000,6.5,More time off,Difficult,No,Neither,Coping
2017-0056,2017,45,Saskatchewan,130000,23.8,Health benefits,Manageable,Yes,Manageable,Comfortable
2017-0057,2017,47,British Columbia,116100,19.4,Higher wages,Somewhat manageable,No,Somewhat manageable,Coping
2017-0058,2017,18,Ontario,111000,15.6,More time off,Neither,No,Somewhat difficult,Coping
2017-0059,2017,36,Ontario,32600,19.2,More time off,Very difficult,Yes,Manageable,Stressed
2017-0060,2017,18,Nova Scotia,44000,15.1,Better retirement funding,Difficult,No,Somewhat difficult,Stressed
2017-0061,2017,40,British Columbia,71100,12.2,Higher wages,Somewhat difficult,No,Neither,Coping
2017-0062,2017,40,Ontario,30000,12.1,Educational funding,Very difficult,No,Somewhat manageable,Coping
2017-0063,2017,53,Manitoba,136300,16.8,Work-life balance,Somewhat manageable,No,Somewhat manageable,Coping
2017-0064,2017,54,Ontario,97900,16.1,NA,Neither,No,Somewhat manageable,Comfortable
2017-0065,2017,42,Saskatchewan,110200,21,Health benefits,Neither,No,Somewhat manageable,Coping
2017-0066,2017,34,Alberta,146800,16.2,Educational funding,Somewhat manageable,No,Manageable,Coping
2017-0067,2017,46,British Columbia,83400,15.5,Educational funding,Somewhat manageable,Yes,Manageable,Coping
2017-0068,2017,34,Alberta,63400,18.1,Higher wages,Neither,No,Manageable,Coping
2017-0069,2017,40,Manitoba,88600,16.6,Work-life balance,Difficult,No,Difficult,Stressed
2017-0070,2017,52,British Columbia,132600,15,Health benefits,Somewhat difficult,No,Neither,Coping
2017-0071,2017,33,Ontario,57500,7.4,Better retirement funding,Manageable,Yes,Neither,Stressed
2017-0072,2017,50,Alberta,81100,23.1,Better retirement funding,Somewhat difficult,Yes,Very difficult,Coping
2017-0073,2017,48,Ontario,128700,28.8,Educational funding,Somewhat manageable,No,Manageable,Comfortable
2017-0074,2017,29,British Columbia,79900,6.4,Work-life balance,Somewhat difficult,Yes,Somewhat difficult,Stressed
2017-0075,2017,52,British Columbia,41700,8,Higher wages,Difficult,No,Difficult,Stressed
2017-0076,2017,48,British Columbia,60200,9,More time off,Difficult,No,Difficult,Stressed
2017-0077,2017,41,Ontario,131500,9.8,Health benefits,Very difficult,No,Difficult,Stressed
2017-0078,2017,31,Ontario,83600,5.9,Work-life balance,Somewhat manageable,Yes,Neither,Coping
2017-0079,2017,30,Manitoba,47100,4.7,Health benefits,Somewhat manageable,No,Somewhat manageable,Coping
2017-0080,2017,34,Ontario,70900,15.8,Work-life balance,Very manageable,No,Manageable,Comfortable
2017-0081,2017,47,Ontario,95900,8.2,Work-life balance,Manageable,No,Somewhat difficult,Coping
2017-0082,2017,29,British Columbia,90600,10.1,Higher wages,Neither,No,Somewhat difficult,Coping
2017-0083,2017,45,Quebec,51800,26.4,Work-life balance,Very manageable,No,Very manageable,Comfortable
2017-0084,2017,25,British Columbia,37300,7.2,Health benefits,Neither,No,Very difficult,Stressed
2017-0085,2017,38,Alberta,90200,9,Work-life balance,Neither,No,Somewhat difficult,Stressed
2017-0086,2017,41,Ontario,83500,1.9,Better retirement funding,Neither,No,Somewhat difficult,Stressed
2017-0087,2017,65,Alberta,139700,11.2,Health benefits,Neither,No,Somewhat manageable,Coping
2017-0088,2017,23,British Columbia,30000,17.5,Educational funding,Neither,No,Manageable,Coping
2017-0089,2017,58,Ontario,122700,11,Better retirement funding,Somewhat difficult,No,Neither,Stressed
2017-0090,2017,42,Alberta,120700,9.7,Better retirement funding,Difficult,No,Very manageable,Coping
2017-0091,2017,45,Ontario,107100,8.8,Health benefits,Somewhat difficult,No,Somewhat manageable,Stressed
2017-0092,2017,41,Saskatchewan,90700,27.2,More time off,Difficult,No,Somewhat difficult,Coping
2017-0093,2017,45,Ontario,89600,13.9,Higher wages,Very difficult,Yes,Somewhat difficult,Coping
2017-0094,2017,38,Ontario,57000,9.8,Health benefits,Very manageable,Yes,Neither,Coping
2017-0095,2017,57,Ontario,108300,13,NA,Somewhat manageable,No,Neither,Coping
2017-0096,2017,35,Yukon,115300,14.6,Work-life balance,Somewhat manageable,No,Neither,Coping
2017-0097,2017,54,British Columbia,102400,13.1,Better retirement funding,Neither,No,Somewhat difficult,Coping
2017-0098,2017,32,Alberta,46300,7.8,Higher wages,Somewhat difficult,No,Difficult,Stressed
2017-0099,2017,39,Ontario,68700,0.8,Work-life balance,Somewhat manageable,No,Somewhat difficult,Stressed
2017-0100,2017,27,Ontario,71500,15.3,Work-life balance,Very manageable,No,Manageable,Comfortable
2017-0101,2017,45,Alberta,81300,21,Health benefits,Manageable,No,Manageable,Comfortable
2017-0102,2017,57,Ontario,125100,13,More time off,Neither,Yes,Very manageable,Coping
2017-0103,2017,39,Alberta,99200,5.2,Educational funding,Difficult,No,Difficult,Stressed
2017-0104,2017,38,Quebec,108700,20.8,Health benefits,Very manageable,Yes,Somewhat manageable,Comfortable
2017-0105,2017,27,British Columbia,108200,22.4,Work-life balance,Very manageable,No,Very manageable,Comfortable
2017-0106,2017,37,Alberta,110400,19.3,More time off,Neither,No,Somewhat manageable,Coping
2017-0107,2017,21,Alberta,30000,13.4,Work-life balance,Neither,No,Somewhat manageable,Coping
2017-0108,2017,29,British Columbia,41400,10,Better retirement funding,Somewhat difficult,No,Somewhat difficult,Stressed
2017-0109,2017,43,British Columbia,87200,5.3,Educational funding,Somewhat difficult,No,Very difficult,Stressed
2017-0110,2017,56,Alberta,95500,26,Better retirement funding,Very manageable,Yes,Very manageable,Comfortable
2017-0111,2017,65,British Columbia,88400,16.3,Better retirement funding,Somewhat manageable,Yes,Somewhat manageable,Coping
2017-0112,2017,33,Alberta,61200,12.3,Better retirement funding,Somewhat difficult,No,Neither,Stressed
2017-0113,2017,57,Manitoba,96300,18.3,Health benefits,Neither,No,Neither,Coping
2017-0114,2017,43,Manitoba,69300,17.5,Higher wages,Neither,No,Neither,Coping
2017-0115,2017,38,British Columbia,72500,7.5,Work-life balance,Very difficult,Yes,Difficult,Stressed
2017-0116,2017,45,British Columbia,127900,23.7,Health benefits,Manageable,No,Manageable,Comfortable
2017-0117,2017,41,Alberta,92500,29.4,Better retirement funding,Very manageable,No,Somewhat manageable,Comfortable
2017-0118,2017,41,Alberta,160700,10.1,Work-life balance,Somewhat manageable,No,Very difficult,Coping
2017-0119,2017,35,British Columbia,82600,10.2,Better retirement funding,Somewhat difficult,Yes,Neither,Coping
2017-0120,2017,23,Ontario,50800,15.1,Work-life balance,Somewhat manageable,No,Very manageable,Coping
2017-0121,2017,21,Yukon,56600,16.5,Better retirement funding,Somewhat manageable,No,Neither,Coping
2017-0122,2017,48,Quebec,104700,9.1,More time off,Neither,No,Neither,Coping
2017-0123,2017,37,Ontario,93600,7.6,Work-life balance,Somewhat difficult,Yes,Neither,Stressed
2017-0124,2017,33,Ontario,136800,13.4,More time off,Somewhat manageable,No,Manageable,Coping
2017-0125,2017,40,British Columbia,59600,0,More time off,Neither,No,Neither,Stressed
2017-0126,2017,50,Ontario,125800,12.7,Higher wages,Somewhat difficult,No,Manageable,Coping
2017-0127,2017,42,Ontario,94200,13.1,Educational funding,Somewhat difficult,No,Difficult,Coping
2017-0128,2017,32,Ontario,30000,7.2,Work-life balance,Somewhat difficult,No,Manageable,Stressed
2017-0129,2017,55,Quebec,130600,15.1,Work-life balance,Very difficult,No,Manageable,Stressed
2017-0130,2017,59,New Brunswick,151500,6.7,NA,Neither,No,Neither,Coping
2017-0131,2017,46,Ontario,68300,3.9,Higher wages,Neither,Yes,Neither,Stressed
2017-0132,2017,52,Ontario,102700,3.7,Educational funding,Neither,No,Neither,Comfortable
2017-0133,2017,55,British Columbia,55700,11.1,More time off,Neither,No,Neither,Coping
2017-0134,2017,54,Quebec,68200,11.6,Health benefits,Very manageable,No,Somewhat difficult,Coping
2017-0135,2017,47,Alberta,126900,10.9,Health benefits,Somewhat manageable,No,Very difficult,Coping
2017-0136,2017,47,Yukon,81500,13.5,Educational funding,Somewhat difficult,No,Very manageable,Stressed
2017-0137,2017,46,Ontario,60700,28,Educational funding,Manageable,Yes,Neither,Comfortable
2017-0138,2017,27,Alberta,72400,14.5,Higher wages,Somewhat difficult,No,Somewhat manageable,Coping
2017-0139,2017,48,Ontario,81300,19.4,Educational funding,Neither,No,Neither,Comfortable
2017-0140,2017,24,Alberta,46900,13.1,Better retirement funding,Neither,No,Somewhat difficult,Stressed
2017-0141,2017,30,Ontario,92200,13.9,Better retirement funding,Neither,No,Neither,Coping
2017-0142,2017,56,Ontario,74100,9.1,Work-life balance,Neither,Yes,Neither,Coping
2017-0143,2017,50,Ontario,72800,10,Better retirement funding,Somewhat difficult,No,Manageable,Comfortable
2017-0144,2017,58,Ontario,116600,11.4,Better retirement funding,Manageable,No,Very manageable,Coping
2017-0145,2017,37,Alberta,109600,18.5,Higher wages,Difficult,No,Neither,Coping
2017-0146,2017,26,British Columbia,101100,19.4,Health benefits,Neither,No,Very manageable,Stressed
2017-0147,2017,37,Manitoba,60500,14.4,NA,Neither,No,Somewhat manageable,Coping
2017-0148,2017,41,Alberta,114600,9.4,Work-life balance,Somewhat manageable,No,Somewhat manageable,Coping
2017-0149,2017,41,Nova Scotia,63000,6.9,Health benefits,Somewhat difficult,No,Somewhat difficult,Coping
2017-0150,2017,54,British Columbia,160800,10.8,Health benefits,Difficult,Yes,Very difficult,Stressed
2017-0151,2017,36,Manitoba,45000,9.6,Health benefits,Manageable,No,Very manageable,Comfortable
2017-0152,2017,44,New Brunswick,130900,25.9,Better retirement funding,Very manageable,No,Manageable,Comfortable
2017-0153,2017,28,Quebec,47300,12.1,Health benefits,Difficult,Yes,Somewhat difficult,Stressed
2017-0154,2017,45,British Columbia,152900,16.6,Educational funding,Neither,Yes,Manageable,Coping
2017-0155,2017,40,Quebec,102700,6.9,Better retirement funding,Somewhat difficult,Yes,Somewhat difficult,Stressed
2017-0156,2017,31,New Brunswick,41000,17.4,More time off,Somewhat difficult,Yes,Manageable,Coping
2017-0157,2017,37,British Columbia,64800,8.9,Better retirement funding,Somewhat difficult,No,Somewhat difficult,Stressed
2017-0158,2017,38,Ontario,105400,9.3,Better retirement funding,Somewhat difficult,Yes,Very manageable,Coping
2017-0159,2017,37,New Brunswick,112100,25.1,Higher wages,Somewhat manageable,No,Somewhat difficult,Coping
2017-0160,2017,61,British Columbia,114400,19.5,Health benefits,Neither,Yes,Somewhat difficult,Comfortable
2017-0161,2017,39,Ontario,84800,11.9,Educational funding,Somewhat difficult,Yes,Neither,Stressed
2017-0162,2017,37,Alberta,103300,5.1,Better retirement funding,Manageable,No,Somewhat difficult,Comfortable
2017-0163,2017,18,British Columbia,56000,14.4,Educational funding,Somewhat difficult,Yes,Manageable,Stressed
2017-0164,2017,29,Ontario,30000,15.3,Health benefits,Somewhat difficult,No,Neither,Stressed
2017-0165,2017,37,Manitoba,56100,14.2,Work-life balance,Very manageable,No,Somewhat difficult,Coping
2017-0166,2017,32,Ontario,80100,17.4,Work-life balance,Neither,Yes,Somewhat difficult,Coping
2017-0167,2017,57,British Columbia,147000,25.9,Health benefits,Very manageable,No,Very manageable,Comfortable
2017-0168,2017,38,Saskatchewan,130500,17.5,Health benefits,Somewhat manageable,No,Manageable,Comfortable
2017-0169,2017,55,Ontario,130900,17.3,More time off,Neither,No,Manageable,Coping
2017-0170,2017,41,Saskatchewan,95100,16.3,More time off,Somewhat difficult,No,Somewhat difficult,Comfortable
2017-0171,2017,40,Ontario,107500,5,Educational funding,Somewhat difficult,No,Manageable,Stressed
2017-0172,2017,39,Alberta,63500,20.8,Better retirement funding,Somewhat manageable,No,Neither,Coping
2017-0173,2017,40,Ontario,80400,12.9,Higher wages,Neither,No,Neither,Stressed
2017-0174,2017,61,Alberta,91800,17.1,Higher wages,Manageable,No,Somewhat manageable,Comfortable
2017-0175,2017,18,Ontario,30000,4.3,Educational funding,Somewhat difficult,No,Very difficult,Stressed
2017-0176,2017,18,Ontario,62000,4.8,Health benefits,Difficult,Yes,Manageable,Stressed
2017-0177,2017,33,British Columbia,80100,18.4,Health benefits,Difficult,No,Very manageable,Coping
2017-0178,2017,40,Quebec,105600,15,Health benefits,Very manageable,No,Somewhat manageable,Comfortable
2017-0179,2017,48,Alberta,113400,24.5,Higher wages,Somewhat manageable,No,Very manageable,Comfortable
2017-0180,2017,46,Ontario,101300,18.5,Work-life balance,Difficult,No,Somewhat difficult,Coping
2017-0181,2017,35,Ontario,94200,21.4,Higher wages,Very manageable,No,Somewhat difficult,Comfortable
2017-0182,2017,52,Alberta,101700,29.1,Better retirement funding,Very manageable,No,Difficult,Comfortable
2017-0183,2017,52,Ontario,115400,12.2,Better retirement funding,Somewhat manageable,No,Neither,Coping
2017-0184,2017,42,Ontario,66200,12.7,Work-life balance,Neither,No,Difficult,Coping
2017-0185,2017,52,Alberta,114100,15.2,Health benefits,Very manageable,No,Somewhat manageable,Comfortable
2017-0186,2017,43,Ontario,109600,20.1,Better retirement funding,Somewhat difficult,No,Difficult,Coping
2017-0187,2017,33,British Columbia,54400,9.4,Health benefits,Neither,No,Somewhat manageable,Coping
2017-0188,2017,48,Ontario,98600,9.7,Work-life balance,Somewhat difficult,No,Somewhat manageable,Stressed
2017-0189,2017,41,Alberta,67800,13.6,Work-life balance,Very manageable,No,Somewhat manageable,Coping
2017-0190,2017,40,Saskatchewan,69200,2.7,Work-life balance,Somewhat manageable,Yes,Difficult,Stressed
2017-0191,2017,58,Quebec,78300,17.7,Higher wages,Very manageable,No,Manageable,Comfortable
2017-0192,2017,18,Alberta,90000,14.9,Higher wages,Difficult,No,Difficult,Stressed
2017-0193,2017,23,British Columbia,91500,9,Higher wages,Somewhat difficult,No,Somewhat manageable,Stressed
2017-0194,2017,26,Ontario,80100,14.9,Educational funding,Somewhat manageable,Yes,Manageable,Comfortable
2017-0195,2017,36,Ontario,138200,9.5,Work-life balance,Somewhat manageable,No,Somewhat difficult,Stressed
2017-0196,2017,37,Northwest Territories and Nunavut,74800,7.3,More time off,Difficult,No,Very difficult,Stressed
2017-0197,2017,22,Alberta,149000,30,Educational funding,Difficult,No,Manageable,Coping
2017-0198,2017,28,Alberta,60200,24,Work-life balance,Very manageable,Yes,Very manageable,Comfortable
2017-0199,2017,30,Yukon,77700,6.1,Health benefits,Somewhat difficult,No,Neither,Stressed
2017-0200,2017,65,Nova Scotia,110600,22.5,Better retirement funding,Manageable,Yes,Very manageable,Coping
2017-0201,2017,62,Quebec,129200,9.1,Better retirement funding,Somewhat difficult,No,Very manageable,Comfortable
2017-0202,2017,35,Ontario,102600,22.7,Work-life balance,Very manageable,No,Neither,Comfortable
2017-0203,2017,36,Quebec,75600,26,Work-life balance,Difficult,No,Somewhat manageable,Coping
2017-0204,2017,26,Alberta,117300,7.4,Higher wages,Very difficult,No,Somewhat difficult,Stressed
2017-0205,2017,18,Alberta,59200,0,NA,Somewhat difficult,No,Somewhat difficult,Stressed
2017-0206,2017,39,Quebec,91600,6,Work-life balance,Difficult,No,Difficult,Stressed
2017-0207,2017,28,Saskatchewan,39700,15.3,Work-life balance,Somewhat difficult,Yes,Very manageable,Stressed
2017-0208,2017,39,British Columbia,96100,16.3,Work-life balance,Very difficult,Yes,Somewhat manageable,Coping
2017-0209,2017,21,British Columbia,52500,3.8,Health benefits,Very difficult,No,Difficult,Stressed
2017-0210,2017,31,Nova Scotia,53300,9.9,Work-life balance,Somewhat manageable,No,Neither,Coping
2017-0211,2017,42,New Brunswick,64700,10.6,More time off,Somewhat difficult,No,Neither,Coping
2017-0212,2017,44,Alberta,171200,16.2,Work-life balance,Somewhat manageable,No,Somewhat manageable,Coping
2017-0213,2017,45,Quebec,84600,14.7,Educational funding,Neither,No,Manageable,Stressed
2017-0214,2017,24,British Columbia,30000,29.4,Work-life balance,Somewhat difficult,No,Neither,Comfortable
2017-0215,2017,50,Ontario,79100,16.7,NA,Manageable,No,Neither,Coping
2017-0216,2017,30,Alberta,68500,6,Health benefits,Neither,Yes,Somewhat manageable,Coping
2017-0217,2017,48,Alberta,113400,1.4,NA,Somewhat difficult,Yes,Somewhat difficult,Stressed
2017-0218,2017,40,Ontario,101600,10.7,Health benefits,Very difficult,Yes,Somewhat difficult,Stressed
2017-0219,2017,23,British Columbia,79800,12.6,Educational funding,Very manageable,No,Somewhat difficult,Comfortable
2017-0220,2017,36,Ontario,59700,12.6,Better retirement funding,Somewhat manageable,No,Somewhat difficult,Coping
2017-0221,2017,44,Alberta,101200,15.8,Work-life balance,Somewhat manageable,No,Neither,Coping
2017-0222,2017,47,Saskatchewan,69200,7.2,More time off,Very manageable,Yes,Manageable,Coping
2017-0223,2017,38,Ontario,63400,7.9,Health benefits,Neither,No,Neither,Coping
2017-0224,2017,58,Quebec,84500,21.3,Higher wages,Very manageable,No,Neither,Comfortable
2017-0225,2017,52,Alberta,67300,10.5,Educational funding,Neither,No,Neither,Stressed
2017-0226,2017,37,British Columbia,112400,29.4,Higher wages,Very manageable,No,Very manageable,Comfortable
2017-0227,2017,49,Manitoba,119200,11,Work-life balance,Somewhat manageable,No,Somewhat difficult,Stressed
2017-0228,2017,63,Ontario,148800,14.4,Higher wages,Very manageable,Yes,Very difficult,Coping
2017-0229,2017,64,British Columbia,122200,9.5,More time off,Somewhat difficult,No,Somewhat manageable,Coping
2017-0230,2017,25,Alberta,85800,2.6,More time off,Neither,No,Somewhat difficult,Stressed
2017-0231,2017,29,Manitoba,30000,5.4,NA,Neither,No,Neither,Stressed
2017-0232,2017,58,British Columbia,137900,16.5,Better retirement funding,Somewhat manageable,Yes,Somewhat difficult,Coping
2017-0233,2017,27,Manitoba,70800,24.4,Health benefits,Somewhat manageable,No,Very difficult,Comfortable
2017-0234,2017,24,British Columbia,79800,1.4,Better retirement funding,Very manageable,No,Neither,Coping
2017-0235,2017,34,British Columbia,87400,16.5,More time off,Somewhat manageable,No,Manageable,Comfortable
2017-0236,2017,45,Ontario,62900,30,More time off,Manageable,No,Somewhat manageable,Comfortable
2017-0237,2017,39,Manitoba,38600,14.5,Work-life balance,Somewhat manageable,No,Somewhat difficult,Coping
2017-0238,2017,32,British Columbia,51600,12.1,Health benefits,Somewhat manageable,No,Somewhat manageable,Comfortable
2017-0239,2017,32,Ontario,89900,19.8,Better retirement funding,Neither,No,Somewhat manageable,Stressed
2017-0240,2017,31,Ontario,92200,7.9,More time off,Very difficult,No,Difficult,Stressed
2017-0241,2017,29,Manitoba,30000,24.7,NA,Very manageable,Yes,Manageable,Comfortable
2017-0242,2017,65,Ontario,93100,24.8,Better retirement funding,Very manageable,No,Manageable,Comfortable
2017-0243,2017,44,Saskatchewan,69300,6.2,Educational funding,Difficult,Yes,Somewhat difficult,Stressed
2017-0244,2017,51,Ontario,90800,9.6,Better retirement funding,Somewhat manageable,No,Very manageable,Coping
2017-0245,2017,34,Quebec,35100,26.7,Higher wages,Somewhat difficult,No,Manageable,Coping
2017-0246,2017,38,Ontario,39300,29,Health benefits,Very manageable,No,Neither,Comfortable
2017-0247,2017,31,Alberta,46800,18.9,Health benefits,Very manageable,No,Very difficult,Coping
2017-0248,2017,18,New Brunswick,54600,17.5,More time off,Somewhat difficult,No,Somewhat difficult,Coping
2017-0249,2017,23,Ontario,30000,8,Health benefits,Somewhat manageable,No,Somewhat difficult,Coping
2017-0250,2017,18,Yukon,48500,21.7,Health benefits,Somewhat manageable,Yes,Neither,Coping
2017-0251,2017,18,Nova Scotia,83800,8.9,Better retirement funding,Somewhat manageable,No,Manageable,Coping
2017-0252,2017,26,Alberta,30000,24,Work-life balance,Very manageable,No,Very manageable,Comfortable
2017-0253,2017,56,Ontario,102800,4.2,Health benefits,Neither,No,Somewhat difficult,Coping
2017-0254,2017,39,Alberta,114200,0,Health benefits,Somewhat difficult,No,Somewhat difficult,Stressed
2017-0255,2017,55,Ontario,95000,9.6,Better retirement funding,Difficult,Yes,Very difficult,Stressed
2017-0256,2017,45,Ontario,75300,9.1,More time off,Neither,Yes,Neither,Coping
2017-0257,2017,49,Ontario,133400,8.1,Work-life balance,Very manageable,No,Difficult,Comfortable
2017-0258,2017,29,Quebec,59300,10.7,Better retirement funding,Difficult,No,Manageable,Stressed
2017-0259,2017,46,Ontario,127100,18.6,Educational funding,Somewhat difficult,No,Somewhat manageable,Stressed
2017-0260,2017,49,Ontario,111400,22.3,Educational funding,Somewhat difficult,No,Somewhat difficult,Coping
2017-0261,2017,33,Ontario,64200,6.7,More time off,Neither,No,Neither,Stressed
2017-0262,2017,47,Ontario,109900,22.1,Work-life balance,Manageable,No,Manageable,Comfortable
2017-0263,2017,47,Quebec,105100,19.3,Higher wages,Neither,No,Manageable,Coping
2017-0264,2017,33,Alberta,105100,13.6,Health benefits,Difficult,No,Somewhat difficult,Stressed
2017-0265,2017,27,Ontario,49000,19.6,Work-life balance,Manageable,No,Neither,Comfortable
2017-0266,2017,26,British Columbia,65200,8.2,Work-life balance,Manageable,No,Neither,Stressed
2017-0267,2017,41,Ontario,84700,9.5,Health benefits,Somewhat difficult,No,Very difficult,Stressed
2017-0268,2017,44,Ontario,112100,10.8,Educational funding,Somewhat difficult,No,Neither,Stressed
2017-0269,2017,30,New Brunswick,39200,7.3,Health benefits,Neither,No,Difficult,Stressed
2017-0270,2017,40,Alberta,115500,7.4,Work-life balance,Somewhat difficult,No,Neither,Stressed
2017-0271,2017,47,British Columbia,109500,14.9,Work-life balance,Somewhat difficult,No,Somewhat manageable,Stressed
2017-0272,2017,47,Ontario,56000,14,Work-life balance,Difficult,No,Difficult,Stressed
2017-0273,2017,59,British Columbia,149700,10.4,Work-life balance,Difficult,Yes,Somewhat difficult,Stressed
2017-0274,2017,55,Alberta,174500,24.3,Better retirement funding,Somewhat manageable,No,Somewhat manageable,Coping
2017-0275,2017,28,Quebec,97100,11.7,Health benefits,Manageable,No,Somewhat difficult,Coping
2017-0276,2017,60,Ontario,157800,23.7,Better retirement funding,Very manageable,No,Neither,Coping
2017-0277,2017,34,British Columbia,78600,17.3,Work-life balance,Manageable,No,Somewhat manageable,Coping
2017-0278,2017,53,British Columbia,54700,30,Higher wages,Neither,Yes,Neither,Coping
2017-0279,2017,41,Saskatchewan,31200,13.7,Health benefits,Somewhat manageable,No,Very manageable,Comfortable
2017-0280,2017,35,Ontario,85200,17.2,Better retirement funding,Manageable,No,Somewhat manageable,Comfortable
2017-0281,2017,18,Ontario,34200,10.1,Work-life balance,Manageable,No,Neither,Stressed
2017-0282,2017,38,British Columbia,54600,10,Work-life balance,Neither,No,Difficult,Stressed
2017-0283,2017,21,British Columbia,54600,17.8,Work-life balance,Somewhat difficult,Yes,Very difficult,Stressed
2017-0284,2017,52,Alberta,121500,4.7,Better retirement funding,Neither,Yes,Very difficult,Stressed
2017-0285,2017,58,Ontario,68400,19.4,Work-life balance,Manageable,Yes,Manageable,Coping
2017-0286,2017,30,Alberta,56500,21,Work-life balance,Very manageable,Yes,Manageable,Coping
2017-0287,2017,44,Alberta,136300,11.5,Work-life balance,Neither,No,Somewhat manageable,Stressed
2017-0288,2017,31,Ontario,39200,8.2,Work-life balance,Neither,No,Somewhat difficult,Coping
2017-0289,2017,32,Saskatchewan,99100,22.4,Work-life balance,Neither,No,Neither,Coping
2017-0290,2017,49,Ontario,84000,14.1,Work-life balance,Somewhat difficult,No,Somewhat manageable,Stressed
2017-0291,2017,40,Ontario,101400,26.2,More time off,Manageable,No,Manageable,Comfortable
2017-0292,2017,61,Ontario,149400,9,Health benefits,Somewhat manageable,Yes,Difficult,Stressed
2017-0293,2017,34,New Brunswick,98200,23.6,Health benefits,Manageable,No,Very manageable,Comfortable
2017-0294,2017,52,British Columbia,130300,7.6,Work-life balance,Somewhat difficult,No,Difficult,Stressed
2017-0295,2017,41,Ontario,52000,26.5,More time off,Manageable,No,Somewhat difficult,Comfortable
2017-0296,2017,50,New Brunswick,133400,22.2,Better retirement funding,Manageable,No,Very manageable,Comfortable
2017-0297,2017,35,Ontario,51900,16.1,Educational funding,Manageable,No,Somewhat manageable,Comfortable
2017-0298,2017,39,Quebec,91300,14.7,Work-life balance,Neither,No,Somewhat manageable,Comfortable
2017-0299,2017,39,Yukon,91200,16.7,Work-life balance,Very manageable,No,Manageable,Comfortable
2017-0300,2017,30,Alberta,84600,15.3,NA,Neither,Yes,Very manageable,Coping
2017-0301,2017,48,Manitoba,107100,21.8,Higher wages,Manageable,No,Somewhat difficult,Comfortable
2017-0302,2017,48,Alberta,71700,9.1,Work-life balance,Difficult,No,Somewhat manageable,Stressed
2017-0303,2017,47,British Columbia,55000,17,Work-life balance,Somewhat manageable,No,Neither,Coping
2017-0304,2017,58,British Columbia,138200,10.2,Better retirement funding,Somewhat manageable,No,Difficult,Coping
2017-0305,2017,57,Alberta,116100,30,Better retirement funding,Very manageable,No,Somewhat manageable,Comfortable
2017-0306,2017,36,Ontario,113500,12.4,NA,Difficult,No,Neither,Coping
2017-0307,2017,44,Ontario,89700,11.4,Better retirement funding,Very manageable,No,Somewhat difficult,Coping
2017-0308,2017,33,Quebec,32300,16.9,More time off,Somewhat manageable,No,Neither,Coping
2017-0309,2017,40,Alberta,114000,0,Work-life balance,Difficult,No,Neither,Stressed
2017-0310,2017,33,Alberta,63400,4,Work-life balance,Difficult,Yes,Neither,Stressed
2017-0311,2017,59,Manitoba,123800,19.9,Better retirement funding,Neither,Yes,Somewhat manageable,Coping
2017-0312,2017,44,Alberta,71600,3.6,Work-life balance,Manageable,No,Manageable,Coping
2017-0313,2017,37,British Columbia,129800,13.6,Educational funding,Difficult,No,Somewhat difficult,Stressed
2017-0314,2017,54,Yukon,79700,23.1,Work-life balance,Neither,No,Neither,Coping
2017-0315,2017,18,British Columbia,41900,11.8,Educational funding,Somewhat manageable,No,Neither,Coping
2017-0316,2017,18,British Columbia,55200,15.8,Work-life balance,Manageable,No,Neither,Coping
2017-0317,2017,50,Ontario,67200,20.7,Work-life balance,Somewhat manageable,No,Difficult,Coping
2017-0318,2017,41,Ontario,96400,11.2,Educational funding,Manageable,Yes,Somewhat difficult,Coping
2017-0319,2017,43,Ontario,137900,12.3,Health benefits,Difficult,Yes,Difficult,Stressed
2017-0320,2017,24,Manitoba,46300,17.3,Work-life balance,Very manageable,No,Somewhat manageable,Comfortable
2017-0321,2017,40,Ontario,96900,18.7,Better retirement funding,Somewhat manageable,No,Very manageable,Comfortable
2017-0322,2017,64,Alberta,38500,9.2,Better retirement funding,Somewhat difficult,Yes,Somewhat manageable,Coping
2017-0323,2017,50,New Brunswick,98800,16.1,Health benefits,Very manageable,Yes,Neither,Coping
2017-0324,2017,42,Ontario,78600,20.9,Work-life balance,Somewhat difficult,Yes,Neither,Coping
2017-0325,2017,35,Quebec,52900,20.7,More time off,Neither,No,Manageable,Comfortable
2017-0326,2017,35,Manitoba,109900,6.4,Health benefits,Somewhat manageable,Yes,Neither,Coping
2017-0327,2017,18,Ontario,42200,14.4,NA,Manageable,No,Somewhat manageable,Comfortable
2017-0328,2017,43,Alberta,84200,16.4,Higher wages,Somewhat difficult,No,Somewhat manageable,Coping
2017-0329,2017,50,Alberta,88700,25.1,Health benefits,Somewhat manageable,No,Difficult,Coping
2017-0330,2017,21,Alberta,30000,10,Health benefits,Neither,No,Somewhat difficult,Stressed
2017-0331,2017,32,Ontario,39000,11.7,Health benefits,Manageable,No,Neither,Coping
2017-0332,2017,26,British Columbia,92800,11.8,Health benefits,Difficult,No,Somewhat manageable,Stressed
2017-0333,2017,28,Ontario,30000,12.6,Work-life balance,Somewhat manageable,No,Very manageable,Coping
2017-0334,2017,41,Alberta,63500,19.4,Better retirement funding,Very manageable,No,Manageable,Comfortable
2017-0335,2017,18,Other,40000,3.2,Work-life balance,Difficult,No,Somewhat difficult,Stressed
2017-0336,2017,47,Ontario,147800,22.5,Educational funding,Somewhat difficult,No,Somewhat difficult,Coping
2017-0337,2017,49,Alberta,121600,0,Health benefits,Very difficult,No,Neither,Stressed
2017-0338,2017,37,Alberta,63800,18.8,Educational funding,Somewhat manageable,No,Manageable,Coping
2017-0339,2017,18,Alberta,91100,5.7,More time off,Difficult,No,Manageable,Stressed
2017-0340,2017,28,Ontario,44800,19.1,Work-life balance,Very manageable,Yes,Very manageable,Comfortable
2017-0341,2017,55,British Columbia,137800,16.5,Educational funding,Manageable,No,Difficult,Stressed
2017-0342,2017,18,Ontario,30000,17,Educational funding,Somewhat manageable,No,Manageable,Comfortable
2017-0343,2017,36,New Brunswick,111200,17.2,Educational funding,Manageable,No,Very manageable,Comfortable
2017-0344,2017,26,Ontario,51800,13.2,Work-life balance,Somewhat difficult,Yes,Somewhat manageable,Coping
2017-0345,2017,50,Ontario,69100,24.9,Better retirement funding,Difficult,No,Manageable,Comfortable
2017-0346,2017,32,Ontario,66500,18.9,Work-life balance,Very manageable,No,Somewhat manageable,Comfortable
2017-0347,2017,45,Yukon,100800,11,Health benefits,Manageable,Yes,Manageable,Comfortable
2017-0348,2017,47,Alberta,80700,3.7,Educational funding,Somewhat manageable,No,Difficult,Stressed
2017-0349,2017,62,Ontario,134600,21.7,More time off,Somewhat manageable,No,Difficult,Coping
2017-0350,2017,38,Alberta,64500,8.4,Higher wages,Difficult,No,Somewhat manageable,Stressed
2017-0351,2017,45,Ontario,111100,16.7,Better retirement funding,Neither,Yes,Very manageable,Coping
2017-0352,2017,22,Quebec,71300,6.7,NA,Difficult,No,Somewhat manageable,Stressed
2017-0353,2017,54,Ontario,104200,10,Better retirement funding,Manageable,No,Neither,Coping
2017-0354,2017,31,Ontario,58300,24.1,Health benefits,Somewhat manageable,Yes,Difficult,Coping
2017-0355,2017,33,British Columbia,79000,12.9,Health benefits,Neither,Yes,Somewhat difficult,Coping
2017-0356,2017,40,New Brunswick,101500,11.3,Higher wages,Somewhat manageable,Yes,Manageable,Coping
2017-0357,2017,21,Manitoba,118400,29.7,Work-life balance,Very manageable,No,Manageable,Comfortable
2017-0358,2017,43,Ontario,117700,16.9,Better retirement funding,Very manageable,No,Very manageable,Comfortable
2017-0359,2017,52,Nova Scotia,132300,10.4,Work-life balance,Difficult,No,Neither,Coping
2017-0360,2017,44,British Columbia,183700,14.1,More time off,Very difficult,Yes,Neither,Coping
2017-0361,2017,21,British Columbia,72000,22,NA,Neither,No,Manageable,Comfortable
2017-0362,2017,39,British Columbia,98000,9.3,Work-life balance,Somewhat difficult,Yes,Difficult,Stressed
2017-0363,2017,49,Manitoba,119600,18.5,Work-life balance,Somewhat difficult,No,Very manageable,Stressed
2017-0364,2017,18,Alberta,30000,9.7,More time off,Difficult,No,Neither,Stressed
2017-0365,2017,27,Quebec,52200,0,Health benefits,Neither,No,Very difficult,Coping
2017-0366,2017,51,Ontario,86300,16,Health benefits,Neither,No,Very difficult,Coping
2017-0367,2017,43,Alberta,108900,22.3,Work-life balance,Neither,No,Very manageable,Comfortable
2017-0368,2017,45,Ontario,87300,14.3,Higher wages,Very manageable,Yes,Somewhat manageable,Coping
2017-0369,2017,62,Ontario,122100,15.5,More time off,Somewhat manageable,Yes,Somewhat manageable,Coping
2017-0370,2017,46,British Columbia,126600,21.8,Better retirement funding,Manageable,No,Manageable,Comfortable
2017-0371,2017,48,Alberta,122900,21.6,Work-life balance,Manageable,Yes,Somewhat manageable,Comfortable
2017-0372,2017,65,Alberta,117600,11.1,Better retirement funding,Difficult,No,Somewhat manageable,Stressed
2017-0373,2017,37,Alberta,60400,10.7,NA,Manageable,Yes,Very manageable,Coping
2017-0374,2017,30,Ontario,104100,8.3,Educational funding,Somewhat manageable,No,Somewhat difficult,Coping
2017-0375,2017,45,Yukon,115700,23.1,Educational funding,Somewhat difficult,No,Somewhat manageable,Stressed
2017-0376,2017,45,Alberta,44300,4.4,Work-life balance,Somewhat manageable,No,Somewhat difficult,Stressed
2017-0377,2017,34,Ontario,66600,22.7,Work-life balance,Very manageable,No,Neither,Comfortable
2017-0378,2017,28,Alberta,72000,5,Work-life balance,Manageable,Yes,Neither,Coping
2017-0379,2017,65,Ontario,145900,14.7,NA,Somewhat difficult,Yes,Manageable,Coping
2017-0380,2017,44,Ontario,118300,8.4,Health benefits,Somewhat difficult,No,Very difficult,Coping
2017-0381,2017,31,Manitoba,80000,11.3,Work-life balance,Somewhat manageable,No,Neither,Coping
2017-0382,2017,51,Alberta,119100,29.3,Educational funding,Manageable,No,Manageable,Comfortable
2017-0383,2017,39,Ontario,85400,25.3,More time off,Very manageable,No,Somewhat difficult,Comfortable
2017-0384,2017,37,Yukon,60300,17.4,Higher wages,Manageable,No,Manageable,Coping
2017-0385,2017,47,British Columbia,87700,3.4,Better retirement funding,Neither,Yes,Very manageable,Coping
2017-0386,2017,24,Alberta,61600,30,More time off,Somewhat manageable,No,Somewhat difficult,Comfortable
2017-0387,2017,44,Alberta,90000,6.8,Work-life balance,Neither,No,Somewhat difficult,Coping
2017-0388,2017,63,Ontario,62900,30,Better retirement funding,Somewhat manageable,No,Very manageable,Comfortable
2017-0389,2017,46,Ontario,82100,13.1,Work-life balance,Neither,No,Difficult,Stressed
2017-0390,2017,35,Ontario,79200,26,More time off,Very manageable,No,Difficult,Comfortable
2017-0391,2017,34,Ontario,67600,8.9,Educational funding,Neither,No,Very manageable,Coping
2017-0392,2017,35,Quebec,70100,8.8,More time off,Neither,No,Manageable,Stressed
2017-0393,2017,37,Ontario,95100,11.2,Educational funding,Somewhat manageable,Yes,Somewhat manageable,Coping
2017-0394,2017,35,British Columbia,45100,14.2,Better retirement funding,Somewhat manageable,No,Neither,Coping
2017-0395,2017,51,Ontario,52700,6.8,More time off,Difficult,No,Manageable,Stressed
2017-0396,2017,19,British Columbia,43100,1.8,Better retirement funding,Somewhat manageable,No,Somewhat manageable,Coping
2017-0397,2017,50,British Columbia,122900,29.9,Better retirement funding,Very manageable,Yes,Manageable,Comfortable
2017-0398,2017,35,Quebec,128100,7.6,Work-life balance,Difficult,No,Somewhat manageable,Stressed
2017-0399,2017,45,Ontario,116000,11.1,Better retirement funding,Somewhat manageable,No,Somewhat manageable,Coping
2017-0400,2017,26,Saskatchewan,30000,10.6,Work-life balance,Manageable,Yes,Neither,Coping
2017-0401,2017,56,New Brunswick,102000,16.2,Work-life balance,Somewhat difficult,Yes,Neither,Coping
2017-0402,2017,55,Ontario,115200,15.7,Better retirement funding,Very manageable,No,Somewhat manageable,Comfortable
2017-0403,2017,52,Ontario,108300,6.2,Health benefits,Very manageable,No,Somewhat manageable,Comfortable
2017-0404,2017,22,Alberta,74200,10,Better retirement funding,Somewhat manageable,No,Somewhat difficult,Stressed
2017-0405,2017,50,British Columbia,72500,25.6,Higher wages,Manageable,No,Somewhat manageable,Comfortable
2017-0406,2017,45,Ontario,94400,20.6,Better retirement funding,Manageable,No,Very manageable,Comfortable
2017-0407,2017,21,Alberta,69100,2.3,NA,Very manageable,No,Somewhat difficult,Stressed
2017-0408,2017,40,Quebec,109800,22.6,Educational funding,Manageable,No,Very difficult,Comfortable
2017-0409,2017,44,Alberta,66800,0.7,Work-life balance,Difficult,No,Difficult,Stressed
2017-0410,2017,47,British Columbia,85100,14.8,Educational funding,Somewhat difficult,No,Neither,Comfortable
2017-0411,2017,42,Ontario,30000,9.5,Educational funding,Manageable,No,Manageable,Coping
2017-0412,2017,43,Alberta,70900,19.1,Higher wages,Neither,No,Neither,Coping
2017-0413,2017,58,Quebec,96300,6.2,Higher wages,Difficult,No,Difficult,Stressed
2017-0414,2017,55,Ontario,76900,18.9,NA,Manageable,No,Very manageable,Comfortable
2017-0415,2017,18,Alberta,57000,17.8,Better retirement funding,Neither,No,Very difficult,Stressed
2017-0416,2017,36,Ontario,77300,9.8,Better retirement funding,Somewhat difficult,No,Difficult,Stressed
2017-0417,2017,38,Ontario,30000,9.7,Health benefits,Somewhat manageable,No,Somewhat manageable,Stressed
2017-0418,2017,19,Ontario,60000,19.4,Health benefits,Very manageable,No,Manageable,Comfortable
2017-0419,2017,41,Ontario,58700,5,Work-life balance,Manageable,Yes,Somewhat manageable,Stressed
2017-0420,2017,55,Ontario,122100,6.7,Work-life balance,Very manageable,No,Very manageable,Comfortable
2017-0421,2017,27,Ontario,30000,19.8,Work-life balance,Neither,No,Very manageable,Coping
2017-0422,2017,44,British Columbia,91900,10.2,Educational funding,Neither,Yes,Very difficult,Stressed
2017-0423,2017,29,Ontario,60000,7.1,Higher wages,Very difficult,Yes,Somewhat manageable,Stressed
2017-0424,2017,32,Saskatchewan,82100,7.3,Work-life balance,Very manageable,Yes,Neither,Stressed
2017-0425,2017,58,Ontario,115700,18.4,Better retirement funding,Neither,No,Somewhat difficult,Coping
2017-0426,2017,33,Ontario,66800,11.1,Work-life balance,Very manageable,No,Very manageable,Comfortable
2017-0427,2017,46,New Brunswick,47900,5.1,Health benefits,Neither,No,Somewhat difficult,Stressed
2017-0428,2017,18,Ontario,30000,14,Health benefits,Somewhat manageable,Yes,Very manageable,Comfortable
2017-0429,2017,62,Yukon,100500,16.9,Work-life balance,Neither,No,Neither,Stressed
2017-0430,2017,47,Alberta,95300,28.1,Health benefits,Difficult,No,Somewhat manageable,Comfortable
2017-0431,2017,38,British Columbia,63800,6.6,NA,Manageable,No,Somewhat difficult,Comfortable
2017-0432,2017,47,Ontario,114300,11.4,Health benefits,Manageable,No,Very manageable,Comfortable
2017-0433,2017,23,Ontario,51100,13.2,Better retirement funding,Neither,No,Neither,Coping
2017-0434,2017,54,Ontario,77000,18.7,Better retirement funding,Manageable,Yes,Very difficult,Comfortable
2017-0435,2017,36,Alberta,70700,1.4,Educational funding,Somewhat manageable,No,Very difficult,Stressed
2017-0436,2017,38,Manitoba,88800,17.7,Higher wages,Difficult,No,Somewhat manageable,Stressed
2017-0437,2017,34,Ontario,85700,9.6,Better retirement funding,Somewhat difficult,Yes,Difficult,Stressed
2017-0438,2017,33,Ontario,130900,16.8,More time off,Manageable,No,Somewhat manageable,Coping
2017-0439,2017,48,Ontario,76900,9.8,Work-life balance,Manageable,No,Somewhat manageable,Coping
2017-0440,2017,43,Ontario,87300,18.3,Health benefits,Difficult,No,Somewhat difficult,Coping
2017-0441,2017,48,Ontario,109800,19.3,Educational funding,Very manageable,No,Manageable,Comfortable
2017-0442,2017,40,Ontario,84300,6.6,Health benefits,Very difficult,No,Difficult,Stressed
2017-0443,2017,46,Ontario,79000,17.7,Work-life balance,Somewhat manageable,No,Very manageable,Coping
2017-0444,2017,35,Ontario,31000,0,More time off,Somewhat difficult,No,Somewhat manageable,Stressed
2017-0445,2017,65,Ontario,107200,16,Better retirement funding,Neither,No,Difficult,Stressed
2017-0446,2017,21,Alberta,30000,15.1,More time off,Somewhat difficult,No,Neither,Coping
2017-0447,2017,55,British Columbia,55700,30,Health benefits,Somewhat manageable,Yes,Somewhat manageable,Comfortable
2017-0448,2017,56,Ontario,85100,7.5,Better retirement funding,Manageable,No,Very manageable,Coping
2017-0449,2017,30,Quebec,38600,3.4,Better retirement funding,Difficult,No,Somewhat difficult,Stressed
2017-0450,2017,65,Ontario,140000,7,NA,Neither,No,Neither,Coping
2017-0451,2017,52,Alberta,121000,9.3,Better retirement funding,Neither,No,Manageable,Stressed
2017-0452,2017,52,Ontario,75900,22.5,Better retirement funding,Very manageable,No,Somewhat difficult,Comfortable
2017-0453,2017,40,British Columbia,77200,11.2,Educational funding,Somewhat difficult,No,Neither,Coping
2017-0454,2017,37,Ontario,30000,2.9,More time off,Difficult,Yes,Difficult,Stressed
2017-0455,2017,37,Ontario,65700,1.7,Higher wages,Manageable,Yes,Neither,Stressed
2017-0456,2017,45,Ontario,104500,7.8,Health benefits,Somewhat difficult,No,Somewhat difficult,Stressed
2017-0457,2017,57,Ontario,135200,18.7,Health benefits,Somewhat difficult,No,Very manageable,Comfortable
2017-0458,2017,42,British Columbia,66600,9.9,Work-life balance,Somewhat difficult,Yes,Neither,Coping
2017-0459,2017,29,Nova Scotia,100100,30,Health benefits,Manageable,No,Somewhat difficult,Comfortable
2017-0460,2017,50,Other,54500,13.5,Work-life balance,Very manageable,Yes,Manageable,Coping
2017-0461,2017,51,Ontario,64100,21.6,Better retirement funding,Neither,No,Manageable,Coping
2017-0462,2017,48,Ontario,118300,5.3,Educational funding,Very difficult,No,Neither,Stressed
2017-0463,2017,49,Manitoba,148600,23.7,NA,Manageable,No,Manageable,Comfortable
2017-0464,2017,37,Alberta,95300,13.7,Work-life balance,Difficult,Yes,Somewhat difficult,Coping
2017-0465,2017,29,Alberta,67300,3.8,Health benefits,Neither,Yes,Somewhat manageable,Coping
2017-0466,2017,30,Alberta,30000,22.6,Work-life balance,Very manageable,Yes,Very difficult,Coping
2017-0467,2017,20,Manitoba,30000,13.2,Higher wages,Somewhat manageable,No,Somewhat difficult,Coping
2017-0468,2017,43,Saskatchewan,93400,27.2,Health benefits,Somewhat difficult,Yes,Very manageable,Comfortable
2017-0469,2017,39,Ontario,72800,4.2,Work-life balance,Somewhat difficult,No,Neither,Stressed
2017-0470,2017,35,British Columbia,44300,13,Work-life balance,Somewhat difficult,No,Somewhat difficult,Coping
2017-0471,2017,18,Alberta,54000,8.8,Health benefits,Somewhat difficult,No,Difficult,Coping
2017-0472,2017,25,British Columbia,66000,21.4,More time off,Somewhat manageable,No,Very manageable,Coping
2017-0473,2017,53,Ontario,132800,9.6,Educational funding,Somewhat difficult,Yes,Difficult,Stressed
2017-0474,2017,32,Manitoba,77100,9.8,Better retirement funding,Neither,Yes,Difficult,Stressed
2017-0475,2017,44,Ontario,127900,14.8,NA,Somewhat manageable,No,Difficult,Stressed
2017-0476,2017,23,Ontario,59700,20.9,More time off,Somewhat difficult,No,Very difficult,Coping
2017-0477,2017,57,Alberta,107000,18.6,Higher wages,Very manageable,No,Somewhat difficult,Coping
2017-0478,2017,38,Ontario,113900,5.5,More time off,Somewhat manageable,No,Very manageable,Coping
2017-0479,2017,43,Saskatchewan,60100,9.8,More time off,Neither,No,Neither,Coping
2017-0480,2017,65,Manitoba,206900,8,Better retirement funding,Manageable,No,Neither,Coping
2017-0481,2017,58,Alberta,123300,18.4,NA,Difficult,No,Somewhat manageable,Coping
2017-0482,2017,36,Quebec,90400,8.9,More time off,Somewhat difficult,Yes,Neither,Stressed
2017-0483,2017,33,Quebec,90300,5.7,Work-life balance,Somewhat manageable,Yes,Somewhat manageable,Coping
2017-0484,2017,36,Ontario,135300,12.9,Higher wages,Neither,Yes,Somewhat manageable,Coping
2017-0485,2017,46,Ontario,117800,0.5,Health benefits,Somewhat manageable,No,Neither,Stressed
2017-0486,2017,39,British Columbia,35300,13.7,Better retirement funding,Somewhat difficult,No,Somewhat manageable,Coping
2017-0487,2017,35,Ontario,119600,4.1,Health benefits,Manageable,No,Manageable,Coping
2017-0488,2017,58,Ontario,101800,10.6,Better retirement funding,Very difficult,Yes,Neither,Stressed
2017-0489,2017,39,Alberta,86700,16.3,Work-life balance,Somewhat difficult,No,Manageable,Coping
2017-0490,2017,65,Ontario,84100,25.4,Work-life balance,Neither,No,Difficult,Coping
2017-0491,2017,41,Saskatchewan,102300,19.1,Health benefits,Manageable,No,Somewhat manageable,Coping
2017-0492,2017,61,Ontario,97000,11.5,Educational funding,Somewhat difficult,No,Somewhat manageable,Coping
2017-0493,2017,44,British Columbia,94000,18.9,Work-life balance,Manageable,No,Somewhat difficult,Coping
2017-0494,2017,52,Alberta,94500,5.6,Better retirement funding,Somewhat difficult,No,Manageable,Coping
2017-0495,2017,31,Saskatchewan,129300,15.3,Work-life balance,Manageable,No,Neither,Comfortable
2017-0496,2017,30,Saskatchewan,129500,16,Health benefits,Neither,No,Somewhat difficult,Coping
2017-0497,2017,46,Ontario,95400,1.1,Better retirement funding,Somewhat difficult,Yes,Manageable,Coping
2017-0498,2017,52,Ontario,104900,13.8,Better retirement funding,Very manageable,No,Somewhat difficult,Coping
2017-0499,2017,40,Nova Scotia,73800,7.9,Work-life balance,Neither,No,Neither,Coping
2017-0500,2017,25,New Brunswick,95700,14.6,Health benefits,Somewhat manageable,No,Neither,Coping
2017-0501,2017,24,Alberta,51100,7.5,Work-life balance,Somewhat manageable,Yes,Manageable,Coping
2017-0502,2017,23,Alberta,46900,25,Educational funding,Manageable,No,Somewhat manageable,Comfortable
2017-0503,2017,19,British Columbia,82900,22.1,Educational funding,Manageable,No,Manageable,Comfortable
2017-0504,2017,41,Ontario,70400,22.4,Work-life balance,Manageable,No,Manageable,Coping
2017-0505,2017,54,Alberta,104900,14,Better retirement funding,Somewhat manageable,No,Somewhat manageable,Coping
2017-0506,2017,40,British Columbia,37600,16.6,Better retirement funding,Manageable,No,Very manageable,Comfortable
2017-0507,2017,18,Ontario,73100,12.5,Higher wages,Somewhat manageable,Yes,Manageable,Coping
2017-0508,2017,38,British Columbia,140200,12.6,Work-life balance,Manageable,No,Somewhat manageable,Comfortable
2017-0509,2017,38,Alberta,103600,16.4,Health benefits,Neither,Yes,Very manageable,Coping
2017-0510,2017,65,Ontario,166400,10.9,Better retirement funding,Somewhat difficult,No,Somewhat difficult,Stressed
2017-0511,2017,23,Manitoba,34100,20.3,NA,Somewhat difficult,No,Very difficult,Stressed
2017-0512,2017,35,Ontario,84600,17.6,Work-life balance,Very manageable,Yes,Neither,Comfortable
2017-0513,2017,60,Quebec,86700,6.7,Work-life balance,Manageable,Yes,Neither,Stressed
2017-0514,2017,45,Alberta,85700,5.1,Work-life balance,Manageable,No,Difficult,Stressed
2017-0515,2017,47,Quebec,118700,15.3,Work-life balance,Manageable,No,Somewhat manageable,Coping
2017-0516,2017,41,Quebec,89600,9.9,Health benefits,Somewhat difficult,No,Somewhat difficult,Stressed
2017-0517,2017,44,Ontario,48600,13.7,Health benefits,Somewhat manageable,Yes,Neither,Coping
2017-0518,2017,49,Ontario,59000,20.5,Work-life balance,Somewhat difficult,No,Very difficult,Coping
2017-0519,2017,30,Ontario,30000,4.9,Work-life balance,Somewhat difficult,No,Somewhat manageable,Stressed
2017-0520,2017,51,Ontario,116200,28.9,NA,Somewhat manageable,No,Somewhat manageable,Comfortable
2017-0521,2017,24,Ontario,122900,25.8,More time off,Very difficult,Yes,Somewhat difficult,Comfortable
2017-0522,2017,44,Alberta,131900,13.9,Health benefits,Very manageable,No,Neither,Coping
2017-0523,2017,42,Saskatchewan,31100,6.4,Higher wages,Somewhat manageable,No,Somewhat difficult,Stressed
2017-0524,2017,33,Ontario,117100,28.6,More time off,Somewhat manageable,No,Somewhat manageable,Coping
2017-0525,2017,40,Ontario,113100,3.9,Higher wages,Difficult,No,Somewhat difficult,Stressed
2017-0526,2017,33,Manitoba,30000,15.8,Work-life balance,Somewhat manageable,No,Very difficult,Coping
2017-0527,2017,27,Alberta,56400,16.7,More time off,Manageable,No,Very manageable,Comfortable
2017-0528,2017,36,Ontario,111900,30,Better retirement funding,Very manageable,No,Somewhat manageable,Comfortable
2017-0529,2017,27,Ontario,82000,28.2,More time off,Very manageable,No,Difficult,Comfortable
2017-0530,2017,44,New Brunswick,51700,9.9,More time off,Neither,No,Manageable,Coping
2017-0531,2017,26,British Columbia,82300,17.1,Work-life balance,Somewhat difficult,No,Somewhat manageable,Coping
2017-0532,2017,49,British Columbia,34400,15.5,Higher wages,Neither,No,Somewhat manageable,Coping
2017-0533,2017,26,Ontario,57300,10.9,More time off,Difficult,No,Neither,Coping
2017-0534,2017,33,Manitoba,108600,18.5,Higher wages,Neither,No,Neither,Coping
2017-0535,2017,33,Saskatchewan,75100,9.9,More time off,Very difficult,No,Somewhat difficult,Stressed
2017-0536,2017,56,Alberta,94000,9.1,Better retirement funding,Difficult,No,Very difficult,Stressed
2017-0537,2017,44,British Columbia,117700,13.7,Work-life balance,Neither,No,Somewhat difficult,Coping
2017-0538,2017,37,British Columbia,109700,10.2,Work-life balance,Difficult,No,Very manageable,Stressed
2017-0539,2017,46,Ontario,133300,9.1,More time off,Neither,No,Neither,Stressed
2017-0540,2017,18,Ontario,78200,22.4,More time off,Neither,No,Somewhat manageable,Comfortable
2017-0541,2017,39,Ontario,115900,17.5,Better retirement funding,Very manageable,No,Neither,Comfortable
2017-0542,2017,64,Saskatchewan,143000,24.2,Higher wages,Somewhat difficult,Yes,Somewhat manageable,Coping
2017-0543,2017,42,British Columbia,96000,14.6,Higher wages,Neither,No,Neither,Comfortable
2017-0544,2017,41,Ontario,89200,25,Work-life balance,Difficult,No,Somewhat difficult,Comfortable
2017-0545,2017,47,Alberta,88400,6.4,Better retirement funding,Neither,No,Difficult,Stressed
2017-0546,2017,51,British Columbia,65100,24.6,More time off,Neither,No,Somewhat manageable,Coping
2017-0547,2017,18,Nova Scotia,30000,8.6,Health benefits,Somewhat manageable,No,Somewhat manageable,Coping
2017-0548,2017,20,Alberta,46500,4.3,Work-life balance,Difficult,No,Very difficult,Stressed
2017-0549,2017,43,Ontario,96700,15.2,More time off,Very manageable,No,Somewhat difficult,Comfortable
2017-0550,2017,31,Ontario,114700,15.9,Educational funding,Somewhat difficult,No,Somewhat manageable,Coping
2017-0551,2017,56,Ontario,107700,5.8,Health benefits,Neither,No,Somewhat manageable,Coping
2017-0552,2017,36,Ontario,109100,5.6,Work-life balance,Somewhat manageable,No,Neither,Stressed
2017-0553,2017,18,Ontario,84400,0,More time off,Difficult,No,Difficult,Stressed
2017-0554,2017,25,Manitoba,55600,23.7,Better retirement funding,Somewhat manageable,No,Manageable,Comfortable
2017-0555,2017,18,Alberta,69800,5.5,Higher wages,Neither,No,Manageable,Stressed
2017-0556,2017,37,Alberta,73200,0.6,Health benefits,Difficult,No,Neither,Stressed
2017-0557,2017,38,Ontario,121700,13.4,More time off,Very difficult,Yes,Difficult,Stressed
2017-0558,2017,35,Yukon,96600,6.2,More time off,Neither,Yes,Somewhat manageable,Coping
2017-0559,2017,53,Alberta,68800,18.8,Better retirement funding,Very difficult,No,Neither,Coping
2017-0560,2017,54,Ontario,110800,9.8,Higher wages,Very manageable,Yes,Very difficult,Coping
2017-0561,2017,38,Ontario,131400,16,Work-life balance,Somewhat difficult,No,Somewhat difficult,Stressed
2017-0562,2017,18,Ontario,46600,11.7,Work-life balance,Somewhat difficult,No,Manageable,Stressed
2017-0563,2017,47,Ontario,108900,14.9,Better retirement funding,Somewhat manageable,Yes,Somewhat manageable,Comfortable
2017-0564,2017,47,Ontario,111900,8.5,Health benefits,Somewhat manageable,No,Manageable,Coping
2017-0565,2017,44,Ontario,59900,17.6,Higher wages,Somewhat manageable,No,Neither,Coping
2017-0566,2017,52,Ontario,118300,12.4,Better retirement funding,Difficult,No,Neither,Coping
2017-0567,2017,26,Alberta,30000,20.8,Higher wages,Very manageable,No,Very difficult,Comfortable
2017-0568,2017,64,Quebec,102200,14.4,Better retirement funding,Somewhat difficult,No,Neither,Stressed
2017-0569,2017,28,Alberta,99300,9.5,Better retirement funding,Manageable,Yes,Difficult,Coping
2017-0570,2017,49,Ontario,109200,14.5,Work-life balance,Neither,Yes,Neither,Coping
2017-0571,2017,20,Alberta,45900,19.7,Health benefits,Somewhat difficult,No,Somewhat difficult,Coping
2017-0572,2017,29,Alberta,81900,27.7,Work-life balance,Very manageable,No,Somewhat manageable,Comfortable
2017-0573,2017,58,Alberta,110200,13,Better retirement funding,Manageable,No,Neither,Coping
2017-0574,2017,37,Nova Scotia,80900,20,More time off,Manageable,No,Very difficult,Comfortable
2017-0575,2017,50,British Columbia,119700,9.8,Health benefits,Difficult,Yes,Neither,Comfortable
2017-0576,2017,43,Alberta,67700,7.7,Work-life balance,Manageable,No,Very manageable,Coping
2017-0577,2017,39,Nova Scotia,84700,24.2,Work-life balance,Somewhat manageable,No,Difficult,Comfortable
2017-0578,2017,56,Manitoba,99600,13.2,Educational funding,Neither,No,Somewhat difficult,Coping
2017-0579,2017,37,Ontario,32900,22.5,More time off,Manageable,No,Neither,Comfortable
2017-0580,2017,19,Quebec,30000,20.2,Educational funding,Difficult,No,Neither,Coping
2017-0581,2017,30,Ontario,117000,6.9,More time off,Difficult,Yes,Somewhat manageable,Coping
2017-0582,2017,47,Alberta,107000,12.6,Better retirement funding,Very difficult,No,Somewhat difficult,Coping
2017-0583,2017,45,British Columbia,52800,8.9,Higher wages,Somewhat manageable,No,Somewhat difficult,Stressed
2017-0584,2017,21,Quebec,30000,9.8,Educational funding,Neither,No,Somewhat manageable,Coping
2017-0585,2017,31,Alberta,68100,30,Work-life balance,Very manageable,No,Neither,Comfortable
2017-0586,2017,33,Manitoba,121300,19.5,Higher wages,Very manageable,Yes,Very manageable,Coping
2017-0587,2017,36,Saskatchewan,73400,9.5,More time off,Neither,No,Very manageable,Stressed
2017-0588,2017,23,Saskatchewan,98700,24.8,Health benefits,Somewhat manageable,Yes,Difficult,Coping
2017-0589,2017,32,Manitoba,83600,0.5,Health benefits,Somewhat difficult,Yes,Somewhat difficult,Stressed
2017-0590,2017,31,Ontario,85600,8,Educational funding,Somewhat difficult,No,Difficult,Stressed
2017-0591,2017,49,Nova Scotia,58400,24.6,Work-life balance,Manageable,No,Neither,Comfortable
2017-0592,2017,50,Ontario,128100,8.5,Work-life balance,Very manageable,No,Neither,Coping
2017-0593,2017,38,Alberta,72000,15.8,Educational funding,Manageable,Yes,Neither,Coping
2017-0594,2017,35,Alberta,103400,7.4,Work-life balance,Neither,No,Neither,Coping
2017-0595,2017,42,Ontario,63600,11.5,Higher wages,Difficult,No,Difficult,Stressed
2017-0596,2017,30,British Columbia,75300,13.3,Better retirement funding,Somewhat manageable,No,Difficult,Stressed
2017-0597,2017,26,Ontario,74600,15.6,Higher wages,Somewhat difficult,No,Very manageable,Coping
2017-0598,2017,29,British Columbia,63900,2.9,Educational funding,Manageable,No,Very manageable,Coping
2017-0599,2017,32,Quebec,85100,15.2,Educational funding,Somewhat manageable,Yes,Difficult,Comfortable
2017-0600,2017,26,Ontario,56000,17.4,Work-life balance,Somewhat manageable,No,Somewhat manageable,Coping
2017-0601,2017,42,Ontario,68500,14.1,Health benefits,Manageable,No,Neither,Coping
2017-0602,2017,49,Ontario,146700,3.1,Work-life balance,Manageable,No,Manageable,Comfortable
2017-0603,2017,21,British Columbia,88000,30,Work-life balance,Somewhat manageable,No,Manageable,Comfortable
2017-0604,2017,40,Ontario,62200,14.8,Work-life balance,Manageable,No,Manageable,Coping
2017-0605,2017,37,British Columbia,97600,16.3,More time off,Manageable,No,Difficult,Comfortable
2017-0606,2017,44,Ontario,68700,29,Work-life balance,Manageable,No,Somewhat manageable,Comfortable
2017-0607,2017,40,Ontario,49500,17.3,Health benefits,Manageable,No,Very manageable,Comfortable
2017-0608,2017,23,Quebec,90500,4.6,More time off,Somewhat difficult,No,Difficult,Stressed
2017-0609,2017,25,Quebec,30000,16.2,Higher wages,Somewhat manageable,No,Difficult,Coping
2017-0610,2017,40,Saskatchewan,112800,24.7,Work-life balance,Somewhat difficult,No,Somewhat manageable,Coping
2017-0611,2017,52,British Columbia,95400,23.7,Better retirement funding,Neither,No,Manageable,Coping
2017-0612,2017,18,Quebec,45700,16.2,More time off,Manageable,No,Somewhat manageable,Coping
2017-0613,2017,44,Ontario,103300,25.2,Work-life balance,Somewhat difficult,No,Manageable,Comfortable
2017-0614,2017,54,New Brunswick,123400,27.5,Educational funding,Manageable,No,Manageable,Comfortable
2017-0615,2017,38,Ontario,57200,1.7,Work-life balance,Neither,No,Difficult,Stressed
2017-0616,2017,47,British Columbia,117000,17.9,Health benefits,Manageable,No,Somewhat manageable,Coping
2017-0617,2017,32,British Columbia,76400,9.6,Educational funding,Somewhat manageable,No,Manageable,Coping
2017-0618,2017,39,British Columbia,45800,15.9,More time off,Manageable,No,Manageable,Coping
2017-0619,2017,21,Alberta,51400,6.9,Higher wages,Difficult,Yes,Difficult,Stressed
2017-0620,2017,18,Ontario,93400,10.5,Better retirement funding,Somewhat difficult,No,Difficult,Stressed
2017-0621,2017,51,Quebec,151800,22.8,Better retirement funding,Very manageable,No,Manageable,Comfortable
2017-0622,2017,28,Ontario,88500,0,Educational funding,Manageable,No,Somewhat difficult,Coping
2017-0623,2017,35,Ontario,41800,23.3,Work-life balance,Manageable,No,Difficult,Comfortable
2017-0624,2017,23,New Brunswick,74200,17.9,Work-life balance,Neither,No,Manageable,Coping
2017-0625,2017,23,Nova Scotia,85000,25.1,More time off,Manageable,Yes,Somewhat manageable,Comfortable
2017-0626,2017,38,British Columbia,103800,13.4,Better retirement funding,Difficult,No,Somewhat difficult,Coping
2017-0627,2017,31,Ontario,95000,30,More time off,Very manageable,No,Very difficult,Comfortable
2017-0628,2017,45,British Columbia,103400,9.6,Work-life balance,Neither,Yes,Very difficult,Stressed
2017-0629,2017,45,Ontario,90300,16.6,Work-life balance,Neither,Yes,Manageable,Coping
2017-0630,2017,44,Ontario,72700,29.3,Health benefits,Somewhat manageable,No,Somewhat manageable,Comfortable
2017-0631,2017,43,Ontario,32600,24.5,Educational funding,Manageable,No,Somewhat difficult,Comfortable
2017-0632,2017,59,Other,123700,15.7,Work-life balance,Neither,No,Somewhat manageable,Comfortable
2017-0633,2017,27,British Columbia,71100,0,Work-life balance,Neither,Yes,Difficult,Stressed
2017-0634,2017,39,Quebec,100200,11.1,Better retirement funding,Somewhat manageable,No,Difficult,Coping
2017-0635,2017,54,Ontario,65900,11.8,Work-life balance,Difficult,Yes,Difficult,Stressed
2017-0636,2017,55,Ontario,126900,6.2,Better retirement funding,Somewhat difficult,No,Somewhat difficult,Stressed
2017-0637,2017,23,Ontario,121100,18.8,Better retirement funding,Very manageable,No,Somewhat difficult,Coping
2017-0638,2017,36,Ontario,81400,14.9,Work-life balance,Somewhat difficult,No,Neither,Coping
2017-0639,2017,56,Yukon,107200,30,Health benefits,Manageable,No,Somewhat manageable,Comfortable
2017-0640,2017,46,New Brunswick,103300,19.9,Higher wages,Manageable,No,Somewhat manageable,Comfortable
2017-0641,2017,42,Ontario,149000,16.8,Work-life balance,Somewhat difficult,Yes,Difficult,Coping
2017-0642,2017,37,Ontario,49800,25.5,Work-life balance,Manageable,No,Difficult,Comfortable
2017-0643,2017,35,Nova Scotia,83600,15.5,Better retirement funding,Somewhat difficult,No,Very difficult,Stressed
2017-0644,2017,43,Quebec,65500,0,More time off,Difficult,No,Somewhat difficult,Stressed
2017-0645,2017,37,Manitoba,64100,11.2,Work-life balance,Somewhat difficult,No,Somewhat manageable,Coping
2017-0646,2017,39,Ontario,82000,27.9,More time off,Very manageable,No,Somewhat difficult,Comfortable
2017-0647,2017,41,Alberta,126900,15.7,NA,Difficult,No,Somewhat manageable,Stressed
2017-0648,2017,32,British Columbia,127000,15.4,Work-life balance,Somewhat manageable,Yes,Somewhat manageable,Coping
2017-0649,2017,46,Ontario,107400,12.2,Better retirement funding,Somewhat manageable,No,Very difficult,Coping
2017-0650,2017,65,Manitoba,111200,11.8,Better retirement funding,Neither,Yes,Very difficult,Stressed
2017-0651,2017,19,Manitoba,128300,19.2,Work-life balance,Somewhat manageable,No,Somewhat difficult,Coping
2017-0652,2017,44,British Columbia,78200,19.5,NA,Very manageable,No,Difficult,Comfortable
2017-0653,2017,31,Ontario,54400,16,Better retirement funding,Somewhat manageable,No,Neither,Coping
2017-0654,2017,47,Ontario,42300,13.9,Better retirement funding,Somewhat difficult,No,Very difficult,Stressed
2017-0655,2017,41,Quebec,128400,30,Work-life balance,Manageable,No,Very manageable,Comfortable
2017-0656,2017,49,Alberta,127500,18.5,Better retirement funding,Neither,No,Neither,Coping
2017-0657,2017,54,Ontario,178500,22.3,Better retirement funding,Manageable,Yes,Manageable,Comfortable
2017-0658,2017,42,Ontario,46300,7.7,Work-life balance,Difficult,No,Somewhat manageable,Stressed
2017-0659,2017,54,Ontario,149700,17.3,Work-life balance,Neither,No,Neither,Coping
2017-0660,2017,18,Nova Scotia,54100,13.3,Work-life balance,Neither,No,Very manageable,Coping
2017-0661,2017,59,Manitoba,137700,8.9,Higher wages,Very difficult,Yes,Very manageable,Stressed
2017-0662,2017,45,Ontario,43100,14.6,Health benefits,Somewhat manageable,No,Somewhat manageable,Comfortable
2017-0663,2017,53,Ontario,148500,14.5,Work-life balance,Neither,No,Difficult,Stressed
2017-0664,2017,25,Ontario,86100,2.3,Health benefits,Somewhat difficult,Yes,Somewhat difficult,Stressed
2017-0665,2017,30,Ontario,68800,11.4,Health benefits,Manageable,No,Somewhat difficult,Coping
2017-0666,2017,42,Ontario,107400,14.6,Work-life balance,Somewhat manageable,No,Neither,Coping
2017-0667,2017,40,Ontario,62000,30,Work-life balance,Very manageable,No,Somewhat manageable,Comfortable
2017-0668,2017,43,British Columbia,72100,19,Work-life balance,Very manageable,No,Somewhat manageable,Comfortable
2017-0669,2017,53,Ontario,90600,4.7,Better retirement funding,Very difficult,No,Somewhat manageable,Stressed
2017-0670,2017,19,Ontario,30000,10.7,NA,Very manageable,No,Somewhat difficult,Coping
2017-0671,2017,52,Alberta,128900,16.3,Higher wages,Very difficult,No,Somewhat difficult,Stressed
2017-0672,2017,40,Ontario,120700,0,Work-life balance,Somewhat manageable,No,Neither,Coping
2017-0673,2017,38,British Columbia,61000,15,Work-life balance,Very manageable,Yes,Manageable,Comfortable
2017-0674,2017,22,Ontario,68400,30,Health benefits,Neither,No,Somewhat manageable,Coping
2017-0675,2017,46,British Columbia,86000,17.5,Work-life balance,Somewhat manageable,No,Very difficult,Coping
2017-0676,2017,18,Ontario,61800,7.4,More time off,Neither,No,Somewhat manageable,Coping
2017-0677,2017,48,British Columbia,78200,21.7,Work-life balance,Somewhat difficult,No,Somewhat difficult,Comfortable
2017-0678,2017,22,Ontario,31500,14.4,Work-life balance,Very difficult,No,Somewhat manageable,Coping
2017-0679,2017,41,Saskatchewan,118100,12.2,Work-life balance,Very difficult,No,Neither,Stressed
2017-0680,2017,39,Manitoba,81600,25,Better retirement funding,Difficult,No,Neither,Coping
2017-0681,2017,54,Quebec,166700,9.9,Better retirement funding,Somewhat difficult,No,Neither,Stressed
2017-0682,2017,38,Yukon,83400,5.3,NA,Somewhat difficult,No,Somewhat manageable,Stressed
2017-0683,2017,32,Quebec,45200,11.9,NA,Somewhat difficult,Yes,Somewhat manageable,Stressed
2017-0684,2017,34,Alberta,112800,9.8,NA,Somewhat manageable,No,Neither,Coping
2017-0685,2017,55,Ontario,126400,7.8,Better retirement funding,Very difficult,No,Somewhat manageable,Coping
2017-0686,2017,46,Alberta,115800,3.4,Health benefits,Neither,No,Neither,Coping
2017-0687,2017,35,Manitoba,113200,4.6,Work-life balance,Manageable,No,Manageable,Coping
2017-0688,2017,37,Quebec,60900,15.7,Work-life balance,Very manageable,No,Very manageable,Comfortable
2017-0689,2017,21,Ontario,52700,13.8,Better retirement funding,Manageable,No,Somewhat difficult,Comfortable
2017-0690,2017,45,Ontario,87400,15.9,More time off,Difficult,No,Somewhat difficult,Coping
2017-0691,2017,19,Manitoba,30000,2,Educational funding,Neither,Yes,Difficult,Stressed
2017-0692,2017,49,Ontario,90600,0,Higher wages,Very manageable,Yes,Somewhat difficult,Comfortable
2017-0693,2017,42,Ontario,128100,2.8,Health benefits,Somewhat difficult,No,Somewhat difficult,Stressed
2017-0694,2017,65,Ontario,129600,11.2,Better retirement funding,Somewhat difficult,No,Somewhat difficult,Coping
2017-0695,2017,27,Quebec,30000,17.8,Better retirement funding,Somewhat difficult,No,Manageable,Comfortable
2017-0696,2017,39,British Columbia,36800,23.1,Work-life balance,Somewhat manageable,No,Difficult,Coping
2017-0697,2017,62,Alberta,167900,10.3,More time off,Very manageable,No,Somewhat difficult,Coping
2017-0698,2017,54,Ontario,103300,19.3,Work-life balance,Somewhat manageable,No,Somewhat manageable,Coping
2017-0699,2017,32,Saskatchewan,53600,13.9,Higher wages,Neither,No,Neither,Coping
2017-0700,2017,43,British Columbia,81300,7.8,Higher wages,Somewhat difficult,Yes,Somewhat difficult,Stressed
2017-0701,2017,40,British Columbia,40700,3.8,Health benefits,Neither,No,Somewhat manageable,Stressed
2017-0702,2017,43,Alberta,132200,13.6,More time off,Neither,No,Very manageable,Coping
2017-0703,2017,32,Ontario,61200,4.2,Health benefits,Neither,No,Neither,Stressed
2017-0704,2017,39,British Columbia,124500,23.2,Work-life balance,Manageable,No,Difficult,Comfortable
2017-0705,2017,21,Ontario,58000,6.8,Work-life balance,Difficult,Yes,Difficult,Stressed
2017-0706,2017,42,Yukon,130900,8.3,Work-life balance,Somewhat manageable,Yes,Very manageable,Coping
2017-0707,2017,45,Alberta,100200,28.9,Health benefits,Manageable,Yes,Manageable,Comfortable
2017-0708,2017,37,Ontario,106100,25,Higher wages,Very manageable,No,Manageable,Comfortable
2017-0709,2017,21,Ontario,78100,11.3,Educational funding,Somewhat manageable,No,Somewhat manageable,Coping
2017-0710,2017,52,Ontario,121700,14.9,Better retirement funding,Neither,No,Somewhat difficult,Coping
2017-0711,2017,44,British Columbia,101400,21.4,Work-life balance,Manageable,No,Somewhat manageable,Comfortable
2017-0712,2017,31,Manitoba,64500,8.8,More time off,Somewhat manageable,No,Manageable,Coping
2017-0713,2017,37,Alberta,138000,22.5,Work-life balance,Manageable,No,Very manageable,Comfortable
2017-0714,2017,22,Ontario,30800,17.7,Better retirement funding,Very manageable,No,Neither,Comfortable
2017-0715,2017,28,Ontario,67100,15.4,NA,Manageable,No,Manageable,Comfortable
2017-0716,2017,34,Alberta,76400,0,NA,Somewhat difficult,Yes,Difficult,Stressed
2017-0717,2017,55,Manitoba,119600,11.8,Health benefits,Somewhat manageable,No,Very manageable,Coping
2017-0718,2017,32,Quebec,60100,10.8,Work-life balance,Very difficult,Yes,Difficult,Stressed
2017-0719,2017,48,Alberta,106400,9.8,Health benefits,Somewhat manageable,No,Somewhat manageable,Coping
2017-0720,2017,34,British Columbia,70900,30,Work-life balance,Manageable,No,Neither,Comfortable
2017-0721,2017,43,Ontario,42000,19.3,Work-life balance,Neither,No,Somewhat manageable,Coping
2017-0722,2017,38,British Columbia,82300,21.8,Work-life balance,Somewhat manageable,No,Somewhat manageable,Coping
2017-0723,2017,50,British Columbia,67000,12,Work-life balance,Neither,No,Somewhat difficult,Stressed
2017-0724,2017,34,Nova Scotia,30000,30,Higher wages,Very manageable,No,Very manageable,Comfortable
2017-0725,2017,21,Alberta,60600,4.1,Work-life balance,Somewhat difficult,No,Manageable,Stressed
2017-0726,2017,23,Ontario,74100,0,Work-life balance,Difficult,No,Somewhat manageable,Stressed
2017-0727,2017,34,Ontario,91800,5.8,Educational funding,Neither,Yes,Somewhat difficult,Stressed
2017-0728,2017,25,Ontario,79500,10.8,Better retirement funding,Somewhat difficult,No,Neither,Stressed
2017-0729,2017,45,Alberta,34500,14.9,Work-life balance,Somewhat manageable,No,Neither,Coping
2017-0730,2017,34,Ontario,35200,15.7,More time off,Somewhat manageable,No,Somewhat manageable,Coping
2017-0731,2017,65,Alberta,181700,21.9,Health benefits,Manageable,Yes,Neither,Coping
2017-0732,2017,19,Ontario,30000,9.9,Work-life balance,Difficult,No,Neither,Stressed
2017-0733,2017,42,Manitoba,106300,12,Work-life balance,Somewhat difficult,No,Difficult,Stressed
2017-0734,2017,26,Ontario,43400,8.4,Health benefits,Somewhat difficult,No,Neither,Coping
2017-0735,2017,34,British Columbia,78400,2.5,Higher wages,Somewhat difficult,Yes,Difficult,Stressed
2017-0736,2017,42,Alberta,69000,23.7,More time off,Somewhat manageable,No,Somewhat difficult,Coping
2017-0737,2017,18,Ontario,68800,8.5,Work-life balance,Somewhat difficult,No,Difficult,Stressed
2017-0738,2017,43,Alberta,93600,10.3,More time off,Neither,No,Somewhat difficult,Coping
2017-0739,2017,63,British Columbia,106100,10.3,Health benefits,Manageable,Yes,Manageable,Coping
2017-0740,2017,35,Ontario,46000,10.1,Work-life balance,Manageable,No,Neither,Coping
2017-0741,2017,43,Ontario,97500,4.5,Work-life balance,Somewhat difficult,No,Very difficult,Stressed
2017-0742,2017,52,Alberta,66600,1.6,Work-life balance,Manageable,No,Somewhat manageable,Stressed
2017-0743,2017,38,Quebec,94800,11.5,Better retirement funding,Manageable,No,Very manageable,Comfortable
2017-0744,2017,33,Ontario,153300,7,Work-life balance,Neither,Yes,Manageable,Stressed
2017-0745,2017,18,Quebec,92500,10.4,Higher wages,Somewhat difficult,Yes,Manageable,Coping
2017-0746,2017,48,Ontario,118600,20.6,Better retirement funding,Neither,No,Very manageable,Coping
2017-0747,2017,39,Ontario,80900,15.8,Work-life balance,Neither,No,Somewhat manageable,Coping
2017-0748,2017,28,Ontario,30000,15.6,Work-life balance,Somewhat difficult,No,Very manageable,Coping
2017-0749,2017,42,Ontario,48300,16.8,Higher wages,Manageable,No,Very manageable,Comfortable
2017-0750,2017,33,Quebec,113000,21.2,Work-life balance,Somewhat manageable,No,Neither,Comfortable
2017-0751,2017,34,Alberta,52300,9.8,Health benefits,Somewhat difficult,No,Somewhat manageable,Stressed
2017-0752,2017,47,British Columbia,74500,18.3,Educational funding,Somewhat difficult,No,Manageable,Coping
2017-0753,2017,24,Alberta,56000,7.5,Health benefits,Difficult,No,Somewhat manageable,Stressed
2017-0754,2017,53,Saskatchewan,72600,20.5,Health benefits,Very manageable,No,Manageable,Coping
2017-0755,2017,23,Nova Scotia,30000,14,Work-life balance,Somewhat manageable,No,Neither,Coping
2017-0756,2017,32,Ontario,71500,12,Work-life balance,Somewhat manageable,No,Somewhat difficult,Stressed
2017-0757,2017,63,Ontario,92800,11.1,More time off,Neither,No,Somewhat manageable,Coping
2017-0758,2017,54,Yukon,83800,9.3,Better retirement funding,Somewhat difficult,No,Manageable,Comfortable
2017-0759,2017,41,Alberta,63100,9.3,Health benefits,Somewhat difficult,No,Somewhat manageable,Stressed
2017-0760,2017,29,Ontario,84200,18.4,Educational funding,Somewhat manageable,Yes,Manageable,Coping
2017-0761,2017,34,Quebec,69000,17.5,Work-life balance,Very difficult,No,Somewhat manageable,Coping
2017-0762,2017,41,Alberta,81100,10.1,Health benefits,Somewhat manageable,Yes,Manageable,Stressed
2017-0763,2017,40,Ontario,102900,6.3,Higher wages,Somewhat difficult,No,Difficult,Stressed
2017-0764,2017,39,British Columbia,79200,4,Work-life balance,Neither,Yes,Manageable,Stressed
2017-0765,2017,40,Ontario,76700,25.9,Work-life balance,Manageable,No,Difficult,Comfortable
2017-0766,2017,37,Ontario,94600,10.1,Health benefits,Somewhat difficult,No,Neither,Stressed
2017-0767,2017,23,British Columbia,79500,5.2,Health benefits,Difficult,Yes,Very difficult,Stressed
2017-0768,2017,34,Alberta,71600,13.5,Work-life balance,Manageable,No,Neither,Stressed
2017-0769,2017,51,Alberta,103900,3.6,Health benefits,Somewhat difficult,No,Somewhat difficult,Stressed
2017-0770,2017,24,Alberta,37500,10.5,Better retirement funding,Somewhat difficult,No,Difficult,Coping
2017-0771,2017,38,Ontario,56200,16.2,Work-life balance,Very difficult,Yes,Neither,Stressed
2017-0772,2017,30,British Columbia,93100,19.2,Higher wages,Somewhat manageable,No,Somewhat manageable,Coping
2017-0773,2017,41,British Columbia,99800,11.9,Higher wages,Very manageable,No,Somewhat difficult,Coping
2017-0774,2017,35,Ontario,91200,24,Educational funding,Very manageable,No,Manageable,Comfortable
2017-0775,2017,58,Ontario,120400,8.8,Educational funding,Neither,No,Difficult,Stressed
2017-0776,2017,46,Ontario,95400,2.8,Health benefits,Very manageable,No,Somewhat difficult,Comfortable
2017-0777,2017,24,Quebec,81900,8.6,Health benefits,Somewhat manageable,Yes,Difficult,Coping
2017-0778,2017,48,Manitoba,125100,7.7,More time off,Difficult,No,Neither,Stressed
2017-0779,2017,31,Ontario,98800,19.5,Higher wages,Manageable,Yes,Manageable,Comfortable
2017-0780,2017,33,Alberta,71500,23.7,Work-life balance,Somewhat difficult,No,Manageable,Comfortable
2017-0781,2017,44,Ontario,132600,13.6,NA,Difficult,No,Somewhat manageable,Stressed
2017-0782,2017,34,Yukon,82900,19.7,Educational funding,Manageable,No,Manageable,Comfortable
2017-0783,2017,51,Ontario,120500,7.7,Better retirement funding,Somewhat difficult,Yes,Manageable,Coping
2017-0784,2017,31,Ontario,80000,15.9,Work-life balance,Very manageable,No,Very manageable,Coping
2017-0785,2017,33,Ontario,81900,19.7,NA,Very manageable,No,Somewhat manageable,Comfortable
2017-0786,2017,32,British Columbia,50900,13.1,Work-life balance,Neither,No,Difficult,Coping
2017-0787,2017,33,Ontario,95500,20,Better retirement funding,Very manageable,No,Somewhat difficult,Comfortable
2017-0788,2017,53,Ontario,189900,27.5,Better retirement funding,Neither,No,Somewhat manageable,Coping
2017-0789,2017,48,Yukon,85800,6.3,Better retirement funding,Neither,No,Manageable,Comfortable
2017-0790,2017,61,Ontario,118600,11.7,Work-life balance,Neither,No,Somewhat difficult,Coping
2017-0791,2017,65,Alberta,109100,8,Higher wages,Difficult,Yes,Manageable,Stressed
2017-0792,2017,28,Ontario,52400,9.3,Higher wages,Neither,Yes,Very manageable,Coping
2017-0793,2017,41,Alberta,132800,19.4,More time off,Somewhat difficult,No,Somewhat difficult,Coping
2017-0794,2017,26,British Columbia,43800,12.1,Health benefits,Difficult,No,Difficult,Stressed
2017-0795,2017,31,British Columbia,57300,7.8,More time off,Difficult,No,Difficult,Stressed
2017-0796,2017,32,Ontario,30000,12.4,Better retirement funding,Very manageable,Yes,Neither,Coping
2017-0797,2017,27,Alberta,42800,7.4,More time off,Very difficult,Yes,Somewhat manageable,Stressed
2017-0798,2017,27,Alberta,30000,7.5,Work-life balance,Difficult,No,Neither,Stressed
2017-0799,2017,38,Alberta,101000,13.5,Work-life balance,Somewhat manageable,No,Difficult,Coping
2017-0800,2017,25,Quebec,146500,12.9,Health benefits,Neither,No,Neither,Coping
2017-0801,2017,50,Ontario,89000,15.5,Work-life balance,Somewhat manageable,Yes,Difficult,Coping
2017-0802,2017,29,Alberta,30000,18.5,Work-life balance,Difficult,Yes,Neither,Coping
2017-0803,2017,65,Alberta,149500,13.4,Better retirement funding,Manageable,No,Somewhat manageable,Comfortable
2017-0804,2017,35,Ontario,55700,7.7,Educational funding,Somewhat manageable,No,Somewhat manageable,Coping
2017-0805,2017,41,British Columbia,125500,0,More time off,Neither,Yes,Somewhat difficult,Stressed
2017-0806,2017,24,Ontario,52500,12.3,Health benefits,Somewhat difficult,Yes,Somewhat manageable,Stressed
2017-0807,2017,60,New Brunswick,96000,15.5,Better retirement funding,Neither,No,Very difficult,Coping
2017-0808,2017,53,Quebec,99200,10.5,Better retirement funding,Somewhat difficult,Yes,Somewhat manageable,Stressed
2017-0809,2017,44,British Columbia,113700,5.4,Educational funding,Somewhat difficult,No,Very difficult,Coping
2017-0810,2017,24,Ontario,54200,30,Higher wages,Manageable,Yes,Neither,Comfortable
2017-0811,2017,43,Alberta,74600,5,More time off,Very difficult,No,Somewhat manageable,Stressed
2017-0812,2017,27,Saskatchewan,59500,8.8,Educational funding,Difficult,No,Neither,Stressed
2017-0813,2017,58,Saskatchewan,73800,28,More time off,Very manageable,No,Somewhat difficult,Comfortable
2017-0814,2017,50,Ontario,111900,8.1,Better retirement funding,Somewhat difficult,No,Neither,Coping
2017-0815,2017,41,Nova Scotia,32900,5.3,Health benefits,Very difficult,Yes,Neither,Stressed
2017-0816,2017,18,British Columbia,38700,23.3,Educational funding,Very manageable,Yes,Very manageable,Comfortable
2017-0817,2017,28,Ontario,89800,30,Work-life balance,Manageable,No,Manageable,Comfortable
2017-0818,2017,48,Ontario,106100,15.8,NA,Manageable,No,Very difficult,Coping
2017-0819,2017,55,British Columbia,125200,23.6,Health benefits,Very manageable,Yes,Neither,Coping
2017-0820,2017,53,Nova Scotia,102500,14,Better retirement funding,Manageable,No,Difficult,Stressed
2017-0821,2017,21,Nova Scotia,91600,9.8,Health benefits,Somewhat difficult,Yes,Very difficult,Stressed
2017-0822,2017,44,Ontario,118700,8.1,Educational funding,Neither,Yes,Somewhat manageable,Coping
2017-0823,2017,52,Ontario,116400,13.3,Work-life balance,Somewhat difficult,No,Somewhat manageable,Stressed
2017-0824,2017,20,Ontario,82800,5,Better retirement funding,Somewhat manageable,No,Very difficult,Coping
2017-0825,2017,40,Ontario,107500,30,NA,Manageable,No,Manageable,Comfortable
2017-0826,2017,43,British Columbia,76300,9,More time off,Difficult,No,Neither,Stressed
2017-0827,2017,36,Manitoba,38700,0,Higher wages,Difficult,Yes,Somewhat manageable,Coping
2017-0828,2017,18,Alberta,64600,6.3,Work-life balance,Difficult,Yes,Difficult,Stressed
2017-0829,2017,36,Ontario,95400,26.6,Better retirement funding,Somewhat manageable,No,Somewhat manageable,Comfortable
2017-0830,2017,36,New Brunswick,111700,6.8,Work-life balance,Difficult,No,Difficult,Stressed
2017-0831,2017,38,New Brunswick,53900,18.3,Better retirement funding,Very manageable,No,Somewhat difficult,Coping
2017-0832,2017,33,British Columbia,47300,8.9,Work-life balance,Very difficult,Yes,Somewhat difficult,Coping
2017-0833,2017,35,British Columbia,91300,6.2,Higher wages,Somewhat manageable,No,Somewhat difficult,Coping
2017-0834,2017,40,Ontario,82900,13.6,Better retirement funding,Very manageable,No,Somewhat difficult,Coping
2017-0835,2017,45,British Columbia,35900,14.2,Work-life balance,Neither,No,Somewhat difficult,Coping
2017-0836,2017,36,Alberta,90300,11.9,Better retirement funding,Somewhat manageable,No,Manageable,Coping
2017-0837,2017,35,Ontario,30000,30,Educational funding,Very manageable,No,Manageable,Comfortable
2017-0838,2017,41,Manitoba,58100,16,Work-life balance,Manageable,No,Somewhat manageable,Comfortable
2017-0839,2017,18,Manitoba,92600,15.9,Higher wages,Neither,No,Very manageable,Coping
2017-0840,2017,46,New Brunswick,148700,14.4,Work-life balance,Manageable,Yes,Somewhat difficult,Coping
2017-0841,2017,40,Ontario,48500,0.2,More time off,Neither,No,Somewhat difficult,Stressed
2017-0842,2017,40,British Columbia,75100,12.8,More time off,Very manageable,No,Very manageable,Comfortable
2017-0843,2017,52,Ontario,104300,14.1,Better retirement funding,Very manageable,No,Neither,Coping
2017-0844,2017,18,Saskatchewan,105400,25.9,Educational funding,Neither,No,Somewhat difficult,Coping
2017-0845,2017,18,Ontario,37200,10.9,NA,Neither,No,Somewhat difficult,Stressed
2017-0846,2017,43,New Brunswick,75200,9.9,Better retirement funding,Manageable,Yes,Somewhat manageable,Comfortable
2017-0847,2017,40,Ontario,131500,0,Higher wages,Somewhat manageable,No,Somewhat manageable,Coping
2017-0848,2017,42,Nova Scotia,76800,18.4,Health benefits,Somewhat manageable,No,Neither,Coping
2017-0849,2017,34,Manitoba,97700,7.5,Health benefits,Neither,No,Somewhat difficult,Stressed
2017-0850,2017,48,Ontario,52700,30,More time off,Very manageable,No,Neither,Comfortable
2017-0851,2017,51,British Columbia,96400,3.6,Work-life balance,Difficult,No,Somewhat difficult,Stressed
2017-0852,2017,46,Alberta,44200,9.8,Work-life balance,Neither,Yes,Difficult,Stressed
2017-0853,2017,37,New Brunswick,48800,27.9,Work-life balance,Somewhat manageable,No,Very manageable,Comfortable
2017-0854,2017,18,Alberta,77200,18.9,Health benefits,Manageable,No,Manageable,Comfortable
2017-0855,2017,49,Manitoba,97000,5.9,Higher wages,Neither,No,Somewhat difficult,Stressed
2017-0856,2017,55,Ontario,97900,14.2,Better retirement funding,Manageable,No,Somewhat manageable,Coping
2017-0857,2017,48,Quebec,74500,17.3,Work-life balance,Neither,No,Very difficult,Coping
2017-0858,2017,29,Alberta,61900,21.9,Health benefits,Manageable,No,Somewhat manageable,Comfortable
2017-0859,2017,48,Ontario,106000,19.8,More time off,Neither,No,Neither,Coping
2017-0860,2017,50,Nova Scotia,129500,11.2,Better retirement funding,Somewhat difficult,Yes,Neither,Coping
2017-0861,2017,59,Alberta,34700,6,Work-life balance,Neither,Yes,Somewhat manageable,Coping
2017-0862,2017,29,British Columbia,43500,25.9,Work-life balance,Very manageable,No,Very manageable,Coping
2017-0863,2017,37,Alberta,85300,17.8,Work-life balance,Manageable,Yes,Somewhat manageable,Comfortable
2017-0864,2017,49,British Columbia,95500,10.6,Better retirement funding,Very manageable,No,Neither,Coping
2017-0865,2017,41,British Columbia,98600,7.7,NA,Difficult,Yes,Neither,Stressed
2017-0866,2017,27,Manitoba,73500,22.5,Health benefits,Very manageable,No,Neither,Comfortable
2017-0867,2017,45,Ontario,83400,19.3,Health benefits,Manageable,Yes,Somewhat difficult,Comfortable
2017-0868,2017,47,Alberta,79700,21.9,Health benefits,Very manageable,No,Very manageable,Comfortable
2017-0869,2017,41,Alberta,79100,7.8,Health benefits,Somewhat difficult,No,Somewhat manageable,Stressed
2017-0870,2017,43,Alberta,124000,8.9,More time off,Neither,No,Manageable,Stressed
2017-0871,2017,37,Ontario,58500,0,Health benefits,Very manageable,Yes,Somewhat difficult,Coping
2017-0872,2017,58,British Columbia,110100,17.4,Health benefits,Somewhat difficult,Yes,Very difficult,Stressed
2017-0873,2017,29,Ontario,74000,21,Work-life balance,Somewhat difficult,No,Somewhat manageable,Comfortable
2017-0874,2017,33,British Columbia,121300,17.5,Work-life balance,Neither,No,Very manageable,Coping
2017-0875,2017,40,Alberta,76000,5.7,Work-life balance,Somewhat manageable,Yes,Difficult,Coping
2017-0876,2017,51,Saskatchewan,130300,18.7,Higher wages,Manageable,No,Somewhat difficult,Comfortable
2017-0877,2017,22,Alberta,95000,10,Educational funding,Somewhat manageable,No,Difficult,Coping
2017-0878,2017,24,Alberta,59100,22.8,Work-life balance,Somewhat manageable,No,Somewhat manageable,Coping
2017-0879,2017,18,Alberta,45700,10.5,Better retirement funding,Neither,No,Manageable,Coping
2017-0880,2017,40,Saskatchewan,75100,18.5,Health benefits,Manageable,No,Somewhat manageable,Coping
2017-0881,2017,27,Ontario,57800,10.1,Better retirement funding,Somewhat manageable,No,Difficult,Coping
2017-0882,2017,35,Ontario,103100,11.3,Work-life balance,Somewhat manageable,No,Somewhat manageable,Coping
2017-0883,2017,48,Yukon,103900,20.3,Health benefits,Very manageable,No,Somewhat manageable,Comfortable
2017-0884,2017,32,Alberta,80100,21.7,Work-life balance,Manageable,No,Somewhat difficult,Coping
2017-0885,2017,43,Saskatchewan,55700,0,Health benefits,Somewhat difficult,No,Difficult,Stressed
2017-0886,2017,36,British Columbia,50000,6.1,Higher wages,Very manageable,No,Neither,Coping
2017-0887,2017,48,Ontario,161300,2.3,Higher wages,Somewhat difficult,No,Somewhat difficult,Coping
2017-0888,2017,46,New Brunswick,88700,2.6,Better retirement funding,Somewhat difficult,Yes,Very manageable,Stressed
2017-0889,2017,32,Manitoba,49800,3.9,Higher wages,Neither,No,Somewhat difficult,Stressed
2017-0890,2017,38,Quebec,124900,4.3,More time off,Neither,No,Neither,Coping
2017-0891,2017,53,Alberta,113000,9.6,Health benefits,Neither,No,Somewhat manageable,Coping
2017-0892,2017,45,Yukon,109800,7.9,Better retirement funding,Manageable,No,Manageable,Comfortable
2017-0893,2017,23,Manitoba,55400,2.9,Work-life balance,Somewhat difficult,Yes,Very difficult,Stressed
2017-0894,2017,48,Ontario,87400,14,Health benefits,Somewhat manageable,No,Neither,Stressed
2017-0895,2017,27,Saskatchewan,60400,24.8,Better retirement funding,Manageable,Yes,Neither,Comfortable
2017-0896,2017,57,Alberta,69000,23.3,Better retirement funding,Somewhat manageable,No,Somewhat manageable,Comfortable
2017-0897,2017,52,Quebec,100400,3,Health benefits,Somewhat difficult,No,Neither,Stressed
2017-0898,2017,43,Ontario,98400,0.3,Health benefits,Somewhat difficult,No,Neither,Stressed
2017-0899,2017,42,Ontario,143500,2.3,Work-life balance,Very difficult,Yes,Somewhat difficult,Stressed
2017-0900,2017,37,Alberta,83100,13.7,Health benefits,Somewhat manageable,No,Somewhat difficult,Coping
2017-0901,2017,48,Ontario,30000,19.2,Work-life balance,Somewhat manageable,No,Neither,Coping
2017-0902,2017,36,Ontario,76200,12.5,Health benefits,Difficult,No,Somewhat difficult,Stressed
2017-0903,2017,43,Nova Scotia,171700,11.2,More time off,Somewhat difficult,Yes,Manageable,Stressed
2017-0904,2017,50,Alberta,126000,9.6,Work-life balance,Somewhat manageable,Yes,Neither,Coping
2017-0905,2017,33,British Columbia,50200,22.2,Health benefits,Very manageable,No,Very manageable,Comfortable
2017-0906,2017,33,Ontario,92200,12.1,Better retirement funding,Neither,Yes,Neither,Coping
2017-0907,2017,26,Alberta,41700,12.8,More time off,Somewhat difficult,No,Manageable,Coping
2017-0908,2017,27,Ontario,30000,18.2,NA,Manageable,Yes,Very difficult,Stressed
2017-0909,2017,18,Yukon,41500,0,NA,Somewhat difficult,No,Difficult,Stressed
2017-0910,2017,49,Alberta,101200,6.8,Educational funding,Very difficult,No,Very difficult,Stressed
2017-0911,2017,62,Alberta,61800,30,More time off,Very manageable,No,Difficult,Comfortable
2017-0912,2017,57,Ontario,76000,11.7,Educational funding,Somewhat manageable,No,Very manageable,Comfortable
2017-0913,2017,20,Alberta,55300,17.5,Educational funding,Very manageable,No,Manageable,Comfortable
2017-0914,2017,49,Ontario,86300,18.3,Work-life balance,Very manageable,No,Manageable,Comfortable
2017-0915,2017,57,Ontario,122300,20.4,Health benefits,Very manageable,No,Manageable,Comfortable
2017-0916,2017,35,Ontario,41100,10.8,More time off,Very manageable,No,Manageable,Comfortable
2017-0917,2017,41,Manitoba,107900,11,Work-life balance,Difficult,No,Neither,Stressed
2017-0918,2017,18,Ontario,30000,11.3,Health benefits,Neither,No,Somewhat manageable,Stressed
2017-0919,2017,43,Ontario,138800,17.1,Work-life balance,Neither,No,Somewhat manageable,Coping
2017-0920,2017,27,British Columbia,30000,8.8,Health benefits,Somewhat manageable,Yes,Somewhat manageable,Coping
2017-0921,2017,42,Ontario,55200,8.4,Better retirement funding,Somewhat difficult,No,Difficult,Stressed
2017-0922,2017,21,Quebec,69000,15.7,Health benefits,Somewhat difficult,No,Very manageable,Comfortable
2017-0923,2017,47,Ontario,145400,12,NA,Very difficult,No,Very difficult,Coping
2017-0924,2017,52,Ontario,112500,26.9,Health benefits,Difficult,No,Neither,Coping
2017-0925,2017,31,British Columbia,88400,8.5,Better retirement funding,Difficult,No,Manageable,Stressed
2017-0926,2017,26,Alberta,64500,2.1,Work-life balance,Difficult,No,Difficult,Stressed
2017-0927,2017,18,British Columbia,30000,8.9,NA,Somewhat manageable,Yes,Difficult,Stressed
2017-0928,2017,37,Alberta,65800,12.5,Work-life balance,Manageable,No,Somewhat manageable,Comfortable
2017-0929,2017,33,Yukon,38100,6.8,More time off,Manageable,Yes,Neither,Coping
2017-0930,2017,21,British Columbia,30000,7.8,Health benefits,Manageable,No,Very manageable,Coping
2017-0931,2017,45,Ontario,104600,5.8,More time off,Neither,Yes,Somewhat manageable,Stressed
2017-0932,2017,35,Alberta,43800,19.6,Work-life balance,Neither,No,Neither,Coping
2017-0933,2017,27,British Columbia,75100,17.5,Work-life balance,Manageable,Yes,Very manageable,Coping
2017-0934,2017,33,New Brunswick,35400,25.7,Work-life balance,Very manageable,No,Manageable,Comfortable
2017-0935,2017,53,British Columbia,113400,14.3,Health benefits,Very manageable,No,Very manageable,Comfortable
2017-0936,2017,47,Ontario,80800,5.3,Educational funding,Somewhat manageable,No,Difficult,Stressed
2017-0937,2017,38,Saskatchewan,124200,23.9,More time off,Manageable,No,Somewhat manageable,Comfortable
2017-0938,2017,47,Quebec,105200,4.9,Educational funding,Somewhat difficult,Yes,Very difficult,Stressed
2017-0939,2017,26,Alberta,101100,20.1,Better retirement funding,Very manageable,No,Very difficult,Comfortable
2017-0940,2017,40,Ontario,62300,10.2,Higher wages,Somewhat difficult,No,Neither,Stressed
2017-0941,2017,42,Alberta,89700,6.3,Work-life balance,Neither,No,Difficult,Stressed
2017-0942,2017,34,Quebec,46600,23.6,Work-life balance,Somewhat difficult,No,Manageable,Comfortable
2017-0943,2017,45,Ontario,80100,16,Work-life balance,Very difficult,No,Neither,Stressed
2017-0944,2017,31,British Columbia,63600,13,Work-life balance,Somewhat manageable,No,Very difficult,Coping
2017-0945,2017,46,Alberta,72200,21.1,Work-life balance,Difficult,No,Neither,Coping
2017-0946,2017,47,Alberta,59000,10.8,Work-life balance,Manageable,No,Neither,Stressed
2017-0947,2017,18,British Columbia,30000,5.2,Better retirement funding,Very difficult,No,Manageable,Coping
2017-0948,2017,54,Quebec,35800,14.3,Higher wages,Very manageable,No,Neither,Comfortable
2017-0949,2017,18,Ontario,30000,16.2,Educational funding,Somewhat manageable,Yes,Very manageable,Comfortable
2017-0950,2017,33,Saskatchewan,93300,8.9,Better retirement funding,Very manageable,Yes,Manageable,Coping
2017-0951,2017,52,Alberta,55000,13.5,Better retirement funding,Neither,No,Somewhat manageable,Coping
2017-0952,2017,36,Ontario,38000,11.1,Work-life balance,Very difficult,No,Somewhat difficult,Stressed
2017-0953,2017,22,British Columbia,111700,14.3,Work-life balance,Very difficult,No,Neither,Stressed
2017-0954,2017,27,Ontario,46400,9.5,NA,Somewhat difficult,No,Somewhat manageable,Stressed
2017-0955,2017,52,British Columbia,112600,18.9,NA,Very manageable,No,Neither,Comfortable
2017-0956,2017,18,British Columbia,71300,7.4,Work-life balance,Very manageable,No,Very manageable,Comfortable
2017-0957,2017,54,Ontario,125900,22.5,Better retirement funding,Manageable,No,Very manageable,Comfortable
2017-0958,2017,39,Alberta,37800,14.2,Work-life balance,Neither,No,Neither,Coping
2017-0959,2017,26,Ontario,57100,15.1,Work-life balance,Somewhat difficult,Yes,Somewhat manageable,Coping
2017-0960,2017,33,Ontario,30000,26.6,Work-life balance,Somewhat manageable,No,Neither,Coping
2017-0961,2017,28,Alberta,140400,21.4,Educational funding,Somewhat manageable,No,Somewhat manageable,Coping
2017-0962,2017,50,Quebec,52200,18.7,Better retirement funding,Neither,No,Manageable,Coping
2017-0963,2017,49,Ontario,67100,3.2,Work-life balance,Somewhat difficult,No,Very difficult,Stressed
2017-0964,2017,19,Ontario,30000,5.4,Educational funding,Somewhat manageable,No,Very difficult,Stressed
2017-0965,2017,35,Ontario,32600,21.3,Health benefits,Very difficult,No,Somewhat manageable,Comfortable
2017-0966,2017,30,Ontario,110600,9.3,Higher wages,Somewhat difficult,No,Manageable,Coping
2017-0967,2017,56,Ontario,181700,25.5,Better retirement funding,Somewhat manageable,No,Somewhat manageable,Comfortable
2017-0968,2017,24,Quebec,46700,9.8,Better retirement funding,Difficult,No,Manageable,Stressed
2017-0969,2017,59,Ontario,73900,7.5,NA,Somewhat difficult,Yes,Neither,Coping
2017-0970,2017,40,British Columbia,30000,14,Work-life balance,Somewhat difficult,No,Difficult,Stressed
2017-0971,2017,26,Alberta,56700,8.5,Work-life balance,Difficult,No,Manageable,Stressed
2017-0972,2017,32,Ontario,63500,0,Health benefits,Neither,No,Neither,Stressed
2017-0973,2017,30,Alberta,50500,7.7,Educational funding,Somewhat manageable,Yes,Somewhat difficult,Stressed
2017-0974,2017,25,British Columbia,69100,24,Higher wages,Very manageable,No,Difficult,Comfortable
2017-0975,2017,41,Alberta,98400,19.8,Higher wages,Somewhat manageable,Yes,Difficult,Coping
2017-0976,2017,25,Ontario,72200,12,Better retirement funding,Somewhat difficult,No,Difficult,Coping
2017-0977,2017,18,Alberta,42500,19,Work-life balance,Difficult,No,Neither,Coping
2017-0978,2017,35,Ontario,44500,15.1,NA,Somewhat difficult,No,Somewhat manageable,Coping
2017-0979,2017,18,Ontario,72000,6.1,Higher wages,Very manageable,No,Somewhat difficult,Coping
2017-0980,2017,31,Ontario,71900,0.9,Health benefits,Manageable,Yes,Very difficult,Stressed
2017-0981,2017,29,British Columbia,95200,29.9,Health benefits,Manageable,No,Neither,Comfortable
2017-0982,2017,30,Ontario,93700,30,Better retirement funding,Manageable,No,Somewhat manageable,Comfortable
2017-0983,2017,64,Ontario,78300,15.9,Better retirement funding,Somewhat manageable,No,Very manageable,Coping
2017-0984,2017,41,Ontario,43500,23,Higher wages,Neither,No,Neither,Coping
2017-0985,2017,43,Ontario,66800,13.3,Higher wages,Manageable,No,Very difficult,Stressed
2017-0986,2017,19,British Columbia,30000,26.8,More time off,Somewhat manageable,No,Manageable,Comfortable
2017-0987,2017,32,Saskatchewan,95700,8.5,Work-life balance,Neither,No,Manageable,Coping
2017-0988,2017,43,Alberta,100000,16.7,Educational funding,Somewhat difficult,No,Somewhat manageable,Stressed
2017-0989,2017,28,Ontario,100000,17.2,Better retirement funding,Somewhat difficult,No,Manageable,Coping
2017-0990,2017,51,Ontario,113400,19.3,Better retirement funding,Manageable,No,Very manageable,Comfortable
2017-0991,2017,26,British Columbia,70300,10,Educational funding,Manageable,No,Somewhat manageable,Coping
2017-0992,2017,37,Ontario,116500,23.8,More time off,Neither,No,Very manageable,Comfortable
2017-0993,2017,33,Alberta,88600,10.3,Work-life balance,Manageable,No,Difficult,Comfortable
2017-0994,2017,42,Ontario,90000,11.5,Work-life balance,Somewhat difficult,No,Somewhat manageable,Stressed
2017-0995,2017,32,Ontario,117400,15.3,More time off,Somewhat manageable,No,Very manageable,Comfortable
2017-0996,2017,37,Alberta,84000,16.2,Health benefits,Very difficult,Yes,Manageable,Coping
2017-0997,2017,37,Alberta,71400,10.9,Educational funding,Neither,No,Neither,Coping
2017-0998,2017,31,Ontario,46400,6.7,Health benefits,Very difficult,No,Somewhat manageable,Stressed
2017-0999,2017,46,British Columbia,115100,16.7,Health benefits,Manageable,No,Neither,Comfortable
2017-1000,2017,43,Quebec,126600,7.2,Work-life balance,Neither,Yes,Neither,Stressed
